ID,Class,att1,att2,att3,att4,att5,att6,att7,att8,att9,att10,att11,att12,att13,att14,att15,att16,att17,att18,att19,att20,att21,att22,att23,att24,att25,att26,att27,att28,att29,att30
1,1,V2,V6,V2,V2,V1,V2,V2,V2,D,A,C,C,,T,0,1,1,5,,3,1271,137395,1,5,3449,1,4,74,1,1
2,0,V2,V1,V2,V1,V4,V3,V3,V2,A,A,C,A,,T,1,1,1,45,,16,1253,135433,1,45,1846,4,4,23,1,1
3,0,V4,V6,V2,V0,V1,V3,V2,V4,B,C,C,B,,T,1,1,1,24,,11,1872,59499,1,24,1936,4,4,31,2,1
4,1,V2,V2,V1,V0,V1,V2,V2,V2,D,A,C,A,,T,0,1,1,9,,16,450,170910,1,9,3833,1,4,64,1,1
5,1,V2,V5,V1,V1,V3,V3,V2,V2,D,A,C,C,,T,0,1,1,21,,10,792,119515,1,21,5249,1,3,26,1,1
6,0,V2,V2,V2,V0,V3,V2,V2,V2,D,A,A,D,,T,0,1,1,12,,9,468,163042,2,12,720,4,4,41,1,1
7,1,V1,V4,V1,V3,V4,V4,V3,V1,B,A,C,B,,T,1,1,1,48,,14,1515,71290,1,48,12170,4,4,36,1,2
8,1,V2,V1,V3,V0,V3,V3,V2,V2,D,A,C,A,,T,1,1,1,24,66,19,514,56647,2,24,3431,3,2,31,1,1
9,1,V4,V1,V2,V0,V3,V3,V2,V4,D,A,C,B,,T,0,1,1,28,,11,836,77355,1,28,2744,4,2,29,2,1
10,0,V2,V1,V5,V1,V3,V3,V2,V2,B,D,C,B,,T,0,1,1,72,,16,763,55859,1,72,5596,2,2,24,1,1
11,1,V2,V3,V1,V2,V3,V3,V2,V2,B,A,C,A,,T,1,1,1,21,,15,1329,149090,1,21,3977,2,3,35,1,1
12,1,V4,V4,V2,V0,V4,V4,V3,V4,A,A,C,D,,T,1,1,1,18,,4,627,131956,1,18,5303,2,4,36,3,1
13,1,V2,V3,V4,V4,V1,V2,V1,V2,B,B,C,C,,T,0,1,1,12,,9,686,146989,1,12,984,1,4,19,1,1
14,0,V2,V4,V1,V1,V2,V3,V2,V2,B,B,C,D,,T,0,1,1,18,,9,842,154097,1,18,1043,4,2,33,1,1
15,1,V4,V4,V2,V0,V1,V3,V2,V4,C,A,C,A,,T,0,2,1,6,,17,662,36641,2,6,1344,1,4,46,2,1
16,0,V2,V3,V2,V4,V3,V3,V2,V2,B,B,C,A,,T,1,1,1,48,,7,251,73954,1,48,9961,1,2,26,1,1
17,1,V4,V3,V2,V0,V1,V3,V2,V4,D,A,C,C,,T,1,1,1,12,,17,869,108954,1,12,1936,4,4,43,3,1
18,1,V3,V6,V5,V1,V1,V2,V2,V3,D,A,C,C,,T,0,1,1,6,,13,762,63484,1,6,1744,1,2,,2,1
19,1,V2,V3,V2,V1,V2,V3,V2,V2,A,A,C,C,,T,0,1,1,24,,8,1307,121197,1,24,4170,4,4,28,1,1
20,0,V2,V4,V2,V4,V3,V3,V1,V2,A,B,C,D,,T,1,1,1,18,8,8,711,105760,1,18,1217,4,3,23,1,1
21,1,V4,V1,V1,V0,V1,V3,V2,V4,B,A,C,A,,T,1,1,1,15,,8,830,158433,1,15,1538,4,4,50,2,3
22,1,V2,V4,V2,V0,V2,V4,V2,V2,D,A,C,C,,T,1,1,1,60,38,8,1029,113850,1,60,10367,2,4,42,1,1
23,1,V4,V4,V2,V0,V4,V3,V3,V4,C,A,C,B,,T,1,1,1,10,,9,1478,84390,1,10,782,4,4,63,2,1
24,1,V2,V5,V2,V1,V4,V4,V3,V2,D,A,C,D,,T,1,1,1,36,,12,1641,152644,1,36,4687,2,2,32,1,1
25,1,V1,V6,V2,V1,V1,V3,V2,V1,D,B,B,C,,T,0,1,1,48,,10,177,130670,1,48,3610,1,1,27,1,1
26,1,V2,V3,V2,V4,V2,V2,V2,V2,C,B,B,C,,T,0,1,1,18,,9,1245,117171,1,18,3050,1,1,45,1,1
27,0,V2,V7,V1,V1,V3,V3,V1,V2,A,B,C,D,Y,T,0,1,1,15,,10,1349,128064,1,15,1276,4,2,24,1,1
28,1,V4,V1,V3,V0,V2,V3,V2,V4,D,A,C,C,,T,1,1,1,12,,10,942,122646,2,12,523,4,4,42,2,1
29,0,V4,V1,V5,V4,V4,V3,V2,V4,B,A,A,A,Y,T,0,1,1,24,,8,827,109997,2,24,1217,4,4,38,2,1
30,1,V4,V1,V2,V0,V1,V3,V2,V4,B,A,C,B,,T,0,1,1,36,,12,1735,128716,1,36,2338,4,4,36,1,1
31,0,V2,V3,V2,V4,V2,V2,V2,V2,D,D,C,B,,T,0,1,1,18,,9,1501,30893,2,18,1534,4,1,43,1,2
32,1,V2,V4,V2,V4,V1,V3,V2,V2,C,A,C,C,,T,0,1,1,12,,14,1095,88262,1,12,1331,4,1,26,1,1
33,0,V1,V6,V2,V1,V2,V3,V1,V1,A,A,C,C,,T,1,1,1,24,,5,1200,111607,1,24,3162,4,2,31,1,1
34,0,V2,V4,V1,V0,V3,V3,V2,V2,A,B,A,C,,T,0,1,1,24,,10,641,187694,1,24,916,4,2,29,1,1
35,0,V4,V5,V2,V2,V3,V3,V2,V4,A,A,C,B,,T,1,1,1,36,,4,1094,121940,1,36,9630,4,4,24,2,1
36,1,V4,V4,V2,V2,V1,V2,V2,V4,D,A,C,C,,T,0,1,1,4,,10,1363,61461,2,4,1456,2,1,42,3,1
37,1,V2,V1,V2,V0,V3,V2,V2,V2,B,A,C,C,,T,0,1,1,9,,12,1536,58166,1,9,1083,4,4,27,2,1
38,1,V2,V1,V1,V4,V1,V3,V1,V2,D,B,C,C,,T,1,1,1,18,,13,1129,28865,1,18,1127,4,2,21,1,1
39,1,V4,V8,V2,V3,V3,V1,V2,V4,A,A,C,D,,T,0,1,1,42,,9,710,54593,1,42,3395,4,4,65,2,2
40,1,V3,V3,V3,V2,V3,V3,V2,V3,D,B,C,C,,T,1,1,1,36,,9,-283,210238,1,36,7679,2,4,40,2,1
41,1,V2,V1,V2,V1,V1,V2,V2,V2,A,D,C,A,,T,0,1,1,12,,14,1486,121136,1,12,702,4,2,40,1,1
42,1,V2,V3,V5,V4,V2,V3,V1,V2,D,B,C,C,,T,0,1,1,9,,5,846,118166,1,9,2302,2,4,22,1,1
43,1,V2,V4,V5,V4,V1,V3,V2,V2,D,D,C,A,,T,1,1,1,24,,11,672,194142,1,24,1475,4,3,33,1,1
44,1,V2,V4,V2,V0,V3,V4,V2,V2,D,A,C,D,,T,1,1,1,12,,7,738,98719,1,12,1885,4,4,39,1,1
45,1,V3,V1,V2,V4,V2,V3,V2,V3,C,B,A,C,,T,0,1,1,6,,5,1234,137682,1,6,684,2,1,29,1,1
46,1,V4,V4,V2,V1,V1,V2,V2,V4,A,A,C,C,,T,0,1,1,11,,8,947,103969,2,11,3940,1,2,40,2,1
47,1,V4,V3,V2,V4,V2,V3,V2,V4,B,B,C,A,,T,0,1,1,18,,6,820,107080,1,18,1296,4,1,27,2,1
48,1,V3,V3,V5,V2,V1,V4,V2,V3,D,A,C,D,,T,0,1,1,21,,12,854,60081,1,21,1592,4,3,34,2,1
49,1,V2,V3,V2,V1,V2,V3,V2,V2,A,B,C,A,,T,0,1,1,12,,16,710,91259,1,12,1621,2,3,30,1,2
50,1,V3,V9,V2,V1,V3,V3,V2,V3,B,A,A,B,,T,1,1,1,20,,11,1585,88725,1,20,2630,2,3,29,2,1
51,0,V0,V3,V2,V4,V2,V3,V1,V0,B,B,C,D,,T,0,1,1,12,,11,508,128278,1,12,2970,4,3,25,2,1
52,0,V2,V1,V3,V1,V1,V2,V2,V2,B,A,C,D,,T,0,1,1,12,,6,932,62721,1,12,767,4,3,66,1,1
53,1,V2,V1,V2,V1,V1,V3,V2,V2,D,A,C,A,,T,0,1,1,9,,7,1199,139268,2,9,2698,1,2,32,1,1
54,1,V2,V1,V5,V0,V4,V3,V3,V2,D,A,A,C,,T,1,1,1,6,,10,1379,121283,2,6,1347,2,4,42,1,1
55,1,V4,V6,V4,V1,V1,V3,V2,V4,C,C,C,C,,T,1,1,1,24,,15,789,98862,1,24,1276,2,4,,2,1
56,1,V1,V6,V2,V2,V3,V3,V2,V1,D,A,A,B,,T,1,1,1,24,,13,501,97158,1,24,1560,4,4,50,1,1
57,1,V4,V4,V3,V1,V3,V3,V2,V4,D,D,C,D,,T,0,1,1,6,,10,1307,119483,1,6,2081,1,2,24,1,1
58,0,V2,V1,V1,V1,V1,V3,V2,V2,B,D,C,B,,T,1,1,1,12,10,3,494,55280,1,12,1485,2,1,25,1,1
59,1,V4,V1,V1,V0,V1,V3,V2,V4,D,A,C,D,,T,1,1,1,48,,13,1126,55771,1,48,3579,4,1,47,1,1
60,1,V2,V4,V2,V1,V1,V2,V2,V2,D,C,C,B,,T,0,1,1,12,,16,945,21725,1,12,641,4,2,49,1,1
61,1,V2,V3,V2,V4,V1,V4,V1,V2,B,B,C,A,,T,0,1,1,12,,12,1138,49721,1,12,3018,3,1,34,1,1
62,1,V3,V3,V1,V4,V2,V2,V2,V3,B,A,A,C,,T,0,1,1,24,,15,364,82648,1,24,2334,4,2,29,1,1
63,1,V2,V8,V5,V1,V1,V3,V2,V2,B,A,C,C,,T,0,1,1,15,,13,1048,146243,1,15,1515,4,2,22,1,3
64,1,V3,V4,V1,V0,V3,V3,V2,V3,D,D,C,B,,T,1,1,1,24,,15,1375,135067,1,24,718,4,4,54,2,1
65,0,V2,V1,V4,V2,V4,V3,V2,V2,B,A,A,C,X,T,1,1,1,48,,8,1414,95331,1,48,10962,1,2,27,2,2
66,1,V4,V6,V3,V1,V3,V3,V2,V4,B,A,A,C,X,T,0,1,1,15,68,11,1133,37842,1,15,2327,2,4,27,1,1
67,1,V4,V1,V1,V0,V3,V3,V2,V4,D,A,C,B,,T,1,1,1,30,,9,1701,23770,2,30,3078,3,2,40,2,1
68,1,V4,V1,V2,V0,V1,V3,V2,V4,D,A,C,B,,T,0,1,1,12,37,4,875,85537,1,12,619,4,4,56,1,1
69,0,V2,V3,V2,V0,V3,V3,V2,V2,A,A,C,C,,T,0,1,1,36,,12,621,120183,2,36,3447,4,2,42,1,1
70,1,V4,V6,V2,V2,V1,V2,V2,V4,B,B,A,B,,T,0,1,1,42,,8,1040,81270,1,42,5955,2,1,41,2,1
71,1,V4,V3,V2,V0,V2,V3,V2,V4,D,A,B,C,,T,0,1,1,12,,1,1426,52786,1,12,3332,2,4,42,1,1
72,0,V2,V2,V2,V4,V2,V3,V2,V2,A,B,C,D,,T,0,1,1,12,,8,1170,72939,1,12,796,4,4,53,1,1
73,1,V4,V1,V2,V2,V3,V3,V2,V4,D,A,C,B,,T,0,1,1,30,,10,1015,33333,1,30,5955,3,2,38,1,2
74,0,V2,V4,V1,V3,V2,V1,V2,V2,B,A,C,C,,T,1,1,1,6,,8,815,116125,1,6,14556,1,2,23,1,1
75,1,V2,V1,V3,V1,V1,V2,V2,V2,B,B,C,C,,T,0,1,1,9,,15,913,89196,1,9,791,4,3,66,1,1
76,1,V3,V5,V1,V2,V2,V4,V1,V3,B,A,A,A,,T,1,1,1,20,,8,1255,84762,2,20,7058,3,4,36,2,1
77,1,V2,V1,V5,V0,V3,V3,V2,V2,D,A,C,D,,T,1,1,1,9,,7,1312,43228,1,9,2754,3,4,35,1,2
78,0,V2,V3,V3,V1,V3,V2,V1,V2,D,B,C,D,,T,0,1,1,12,,14,974,149281,1,12,1124,4,4,29,1,1
79,0,V4,V2,V2,V1,V4,V4,V2,V4,A,B,C,D,,T,1,1,1,36,,11,642,100750,1,36,8066,3,2,25,2,1
80,0,V2,V3,V2,V3,V3,V3,V2,V2,A,B,C,A,,T,0,1,1,18,,12,1005,141296,1,18,1132,4,2,33,1,1
81,1,V2,V4,V2,V2,V1,V2,V1,V2,B,A,C,C,,T,0,1,1,18,,8,1275,88964,1,18,6261,3,3,28,1,1
82,1,V4,V3,V2,V3,V3,V4,V2,V4,D,A,C,D,,T,0,1,1,9,76,9,879,96685,1,9,2407,2,3,31,1,1
83,1,V4,V4,V2,V4,V1,V2,V1,V4,A,A,C,C,,T,0,2,1,10,,17,673,176400,2,10,2242,1,3,48,2,1
84,0,V2,V4,V2,V0,V4,V4,V3,V2,A,A,A,B,,T,0,1,1,48,,7,882,105397,1,48,7764,4,4,42,1,1
85,1,V4,V5,V4,V1,V1,V3,V2,V4,D,A,C,B,,T,0,1,1,24,,15,749,141955,1,24,5805,4,2,27,2,1
86,1,V2,V1,V2,V1,V1,V2,V2,V2,B,D,C,C,X,T,0,1,1,18,,9,297,39335,1,18,867,4,2,25,1,3
87,1,V2,V5,V2,V0,V4,V3,V3,V2,A,A,C,A,,T,0,1,1,36,,9,1641,104742,2,36,5494,2,4,42,1,1
88,1,V2,V4,V5,V0,V2,V3,V2,V2,A,A,C,A,,T,1,1,1,6,,13,1452,182959,1,6,1204,3,2,43,1,1
89,0,V2,V6,V2,V3,V3,V4,V1,V2,D,A,A,A,,T,1,1,1,48,,9,947,55232,1,48,4845,3,2,33,1,1
90,1,V4,V2,V2,V1,V2,V2,V2,V4,C,B,C,C,,T,0,1,1,6,,7,1295,94832,1,6,1048,2,4,50,1,1
91,1,V4,V4,V2,V1,V2,V2,V2,V4,D,A,C,B,,T,0,1,1,11,,14,1340,107478,1,11,7229,1,4,39,2,1
92,1,V4,V5,V3,V1,V3,V3,V2,V4,C,A,C,A,,T,1,1,1,15,,15,345,103439,1,15,2361,2,2,36,1,1
93,0,V2,V4,V2,V2,V3,V3,V2,V2,A,A,C,B,,T,1,1,1,36,,2,1162,143645,1,36,9272,2,1,24,1,1
94,0,V2,V3,V5,V4,V3,V3,V1,V2,B,B,A,B,,T,0,1,1,12,,9,1257,143781,1,12,952,4,4,27,4,1
95,0,V2,V4,V2,V4,V1,V2,V2,V2,A,B,C,B,,T,0,1,1,12,,3,433,107227,1,12,1275,3,1,37,1,1
96,1,V4,V4,V2,V0,V1,V2,V2,V4,D,A,C,B,,T,0,1,1,12,,10,617,139216,1,12,1256,4,4,61,2,1
97,1,V2,V1,V2,V4,V1,V3,V2,V2,D,B,C,D,,T,0,1,1,18,,16,1585,134945,1,18,1454,3,1,26,1,1
98,1,V4,V6,V5,V1,V2,V2,V2,V4,D,A,C,B,,T,1,1,1,24,,-1,703,107647,1,24,4140,3,3,27,2,1
99,1,V2,V4,V2,V1,V2,V4,V2,V2,D,D,C,B,,T,1,1,1,18,,6,1323,127865,1,18,1821,2,2,30,1,1
100,1,V4,V2,V2,V0,V4,V3,V3,V4,D,A,C,A,,T,0,1,1,24,,10,1329,126472,2,24,1598,4,4,54,2,1
101,0,V3,V1,V5,V4,V4,V4,V2,V3,B,A,B,A,,T,0,1,1,30,,8,157,52256,1,30,1920,4,3,30,2,1
102,0,V0,V6,V2,V1,V1,V2,V2,V0,B,A,C,C,,T,1,1,1,24,,9,565,112001,1,24,4242,1,4,36,3,1
103,0,V2,V3,V2,V3,V3,V1,V2,V2,A,A,C,C,,T,0,1,1,18,,5,875,112898,1,18,2474,4,1,25,1,1
104,0,V2,V3,V2,V0,V2,V4,V1,V2,A,A,C,B,,T,1,1,1,24,,10,846,64987,1,24,3346,4,2,39,1,1
105,0,V2,V4,V2,V1,V1,V2,V2,V2,A,B,C,A,,T,0,1,1,12,,13,1096,98997,1,12,1229,4,2,24,1,1
106,0,V2,V4,V2,V0,V4,V4,V2,V2,A,A,A,B,,T,1,1,1,6,,16,814,41518,1,6,14897,1,4,68,1,1
107,1,V4,V10,V1,V2,V2,V2,V2,V4,B,B,C,C,,T,0,1,1,6,,-2,1291,34355,1,6,933,1,3,39,2,1
108,1,V3,V4,V2,V0,V3,V3,V2,V3,,A,C,B,,T,1,1,1,36,,8,1126,148397,2,36,10876,2,2,45,2,1
109,1,V2,V2,V1,V1,V4,V3,V3,V2,B,A,C,D,,T,0,1,1,18,,1,1181,144375,1,18,1240,4,4,61,1,1
110,1,V4,V9,V2,V0,V4,V4,V3,V4,A,A,A,C,,T,1,1,1,8,,7,424,80715,2,8,1165,3,4,51,2,1
111,1,V2,V4,V2,V1,V1,V2,V2,V2,A,D,C,C,,T,0,1,1,12,,15,807,18701,1,12,1169,4,3,27,1,1
112,0,V2,V1,V5,V2,V2,V3,V2,V2,A,D,C,B,,T,0,1,1,12,,6,1212,75432,1,12,675,4,1,20,1,1
113,1,V3,V6,V5,V1,V2,V2,V2,V3,D,A,C,B,,T,0,1,1,30,,11,899,93941,1,30,4273,2,2,26,2,1
114,1,V4,V4,V5,V1,V3,V2,V2,V4,D,B,C,D,,T,0,1,1,6,,16,1857,152135,1,6,363,4,4,52,2,1
115,1,V3,V1,V2,V3,V1,V3,V2,V3,D,D,C,D,,T,0,1,1,18,,4,704,157934,1,18,2321,2,3,34,2,1
116,0,V0,V3,V2,V1,V4,V3,V3,V0,A,A,C,D,,T,0,1,1,48,,7,473,108994,2,48,7120,3,4,53,2,1
117,1,V4,V4,V2,V0,V1,V2,V2,V4,D,A,C,C,,T,0,1,1,12,,15,1290,38723,2,12,1496,4,1,38,2,1
118,1,V2,V4,V5,V0,V1,V2,V1,V2,D,D,C,A,,T,0,1,1,24,,7,653,155887,1,24,1470,4,4,41,1,1
119,1,V4,V5,V1,V0,V3,V3,V2,V4,D,A,C,C,,T,1,1,1,48,,9,937,169427,2,48,2752,4,3,38,2,1
120,1,V1,V4,V5,V2,V3,V3,V2,V1,A,A,A,B,,T,0,1,1,24,,17,708,141730,1,24,2326,2,3,32,1,1
121,1,V4,V1,V2,V1,V3,V3,V2,V4,D,B,C,D,,T,0,1,1,18,,9,824,106154,1,18,2239,2,1,25,2,1
122,0,V0,V4,V2,V1,V3,V3,V2,V0,A,A,A,C,,T,0,1,1,12,,11,843,65579,1,12,1083,4,4,48,2,1
123,0,V2,V1,V2,V4,V1,V3,V2,V2,A,B,C,B,,T,1,1,1,24,,10,660,103174,1,24,2440,4,4,,1,1
124,1,V2,V5,V5,V0,V3,V4,V2,V2,D,A,C,D,,T,1,1,1,39,,9,1081,122201,1,39,8589,4,2,45,1,1
125,1,V2,V3,V1,V2,V3,V3,V2,V2,D,A,B,D,,T,1,1,1,24,,7,1475,22510,1,24,930,4,2,31,1,1
126,1,V2,V1,V1,V0,V2,V3,V2,V2,B,A,C,C,,T,0,1,1,6,87,12,818,85937,1,6,369,4,4,38,1,1
127,0,V1,V2,V2,V2,V4,V2,V3,V1,B,B,A,C,,T,0,1,1,24,,7,1124,178868,1,24,1838,4,4,34,1,1
128,1,V2,V3,V2,V0,V2,V3,V2,V2,D,A,A,D,,T,1,1,1,18,,13,1085,162764,2,18,3423,4,4,47,3,1
129,1,V4,V2,V1,V2,V3,V3,V2,V4,D,B,C,B,,T,0,1,1,12,,8,1801,122650,1,12,2013,4,2,61,1,1
130,0,V3,V4,V5,V0,V3,V4,V2,V3,B,A,C,A,,T,1,1,1,36,,8,609,76106,1,36,8087,2,4,42,4,1
131,1,V3,V6,V5,V0,V2,V3,V2,V3,B,A,B,D,,T,0,1,1,30,,9,696,159730,1,30,2504,4,2,41,2,1
132,1,V4,V1,V2,V2,V3,V3,V2,V4,A,B,C,A,,T,0,1,1,6,,7,508,83553,1,6,1958,1,4,31,1,1
133,0,V0,V4,V2,V0,V3,V3,V1,V0,A,A,C,B,,T,0,1,1,15,,9,1285,92335,2,15,951,4,3,33,2,1
134,0,V2,V1,V2,V1,V1,V2,V1,V2,A,A,C,D,,T,0,1,1,24,,9,1693,87888,2,24,1988,2,4,21,1,1
135,1,V3,V3,V5,V1,V2,V3,V2,V3,D,A,C,C,,T,0,1,1,24,13,8,616,116677,1,24,4152,2,3,35,2,1
136,1,V2,V1,V2,V0,V1,V2,V2,V2,A,A,C,A,,T,0,1,1,10,,14,709,104445,1,10,2316,3,4,52,1,1
137,1,V2,V4,V1,V2,V2,V3,V1,V2,D,B,C,C,,T,0,1,1,22,,16,1013,85321,1,22,1284,4,4,25,1,1
138,0,V2,V2,V1,V0,V4,V4,V2,V2,A,A,C,D,,T,1,1,1,36,,12,799,88338,1,36,1978,4,4,40,1,1
139,1,V4,V4,V2,V1,V1,V3,V1,V4,A,A,C,B,,T,0,1,1,11,,7,1221,128488,2,11,3906,2,2,36,2,1
140,1,V1,V4,V1,V1,V1,V2,V2,V1,D,A,B,A,,T,0,1,1,6,,6,1166,56978,2,6,784,1,2,26,1,3
141,1,V4,V1,V1,V0,V3,V3,V2,V4,D,A,C,C,,T,0,1,1,12,92,6,680,117311,1,12,977,4,4,35,2,1
142,1,V4,V3,V2,V1,V4,V3,V2,V4,D,B,C,C,,T,0,1,1,18,,17,1468,99069,1,18,1818,4,2,28,2,1
143,1,V2,V1,V2,V4,V3,V3,V2,V2,A,B,B,D,,T,0,1,1,18,,12,1533,218438,1,18,2390,4,1,27,1,1
144,1,V2,V3,V2,V1,V2,V2,V2,V2,A,A,C,A,,T,0,1,1,12,,12,1001,44330,1,12,1290,4,1,21,1,3
145,1,V4,V4,V2,V3,V2,V1,V2,V4,D,B,C,C,,T,0,1,1,12,,8,1036,159745,1,12,927,1,2,38,1,1
146,1,V2,V8,V3,V2,V1,V2,V1,V2,D,D,C,A,,T,0,1,1,6,,7,1223,64258,1,6,661,2,4,23,1,1
147,1,V2,V5,V1,V0,V1,V3,V1,V2,A,B,C,A,,T,0,1,1,24,,3,1078,118535,1,24,2813,2,4,26,1,1
148,1,V2,V5,V1,V3,V2,V4,V1,V2,D,B,C,B,,T,1,1,1,24,,4,1441,140223,1,24,5434,2,4,26,1,1
149,1,V2,V2,V2,V4,V4,V3,V2,V2,D,B,C,A,,T,0,1,1,6,43,6,184,75317,1,6,1539,1,2,56,1,1
150,1,V4,V6,V1,V0,V4,V2,V1,V4,D,A,C,A,,T,0,1,1,12,,8,1145,141341,1,12,1265,4,4,57,1,1
151,1,V2,V10,V2,V4,V3,V2,V2,V2,D,D,C,A,,T,0,1,1,24,,13,1439,79744,1,24,938,4,3,27,2,1
152,1,V4,V4,V4,V1,V1,V2,V2,V4,D,B,A,A,,T,0,1,1,6,,8,1270,142647,1,6,251,2,2,41,2,1
153,1,V4,V1,V3,V0,V2,V4,V2,V4,D,A,A,A,,T,1,1,1,18,,0,-168,31186,1,18,630,4,3,32,2,1
154,0,V4,V4,V2,V3,V3,V4,V2,V4,B,D,C,B,,T,0,1,1,30,,18,743,114304,1,30,5235,4,2,28,2,1
155,1,V2,V1,V3,V0,V1,V3,V2,V2,A,D,C,B,,T,0,1,1,12,,3,647,178984,1,12,1681,3,1,35,1,1
156,0,V3,V6,V2,V1,V1,V4,V2,V3,B,C,B,C,,T,1,1,1,36,,11,742,114660,1,36,4456,2,2,30,2,1
157,1,V2,V10,V1,V0,V2,V3,V2,V2,B,A,C,A,,T,0,1,1,12,,14,559,96298,1,12,755,4,4,38,2,1
158,1,V0,V10,V2,V1,V1,V2,V2,V0,B,A,C,B,,T,1,1,1,12,,9,1339,115571,1,12,1411,2,2,31,1,1
159,1,V4,V1,V1,V0,V2,V3,V2,V4,D,A,C,D,,T,0,1,1,24,,18,977,121858,1,24,2425,4,4,53,2,1
160,0,V1,V4,V2,V2,V4,V2,V3,V1,A,A,C,C,,T,0,1,1,18,,5,366,77436,2,18,1443,4,4,32,2,1
161,1,V4,V6,V1,V0,V3,V4,V2,V4,D,C,A,B,,T,0,1,1,48,,14,1111,46726,2,48,7630,4,2,46,2,1
162,1,V2,V1,V1,V1,V3,V3,V2,V2,D,B,C,C,,T,0,1,1,12,,6,661,120199,1,12,887,4,2,21,1,1
163,1,V4,V1,V2,V2,V3,V3,V2,V4,D,D,C,D,,T,1,1,1,24,,12,349,141518,1,24,1852,4,2,33,2,3
164,1,V2,V4,V2,V2,V3,V3,V2,V2,B,A,C,D,,T,0,1,1,12,,15,398,94949,1,12,6079,2,2,32,1,1
165,1,V4,V3,V2,V0,V4,V3,V2,V4,B,A,C,C,,T,1,1,1,18,,4,2210,57392,1,18,6362,2,1,41,1,1
166,1,V4,V4,V2,V1,V1,V3,V2,V4,D,A,C,B,,T,0,1,1,9,,8,1746,148747,1,9,1225,3,1,30,2,1
167,1,V2,V1,V2,V4,V1,V3,V2,V2,A,D,C,B,,T,0,2,1,15,,8,1006,50126,1,15,1054,4,2,27,1,1
168,1,V2,V3,V2,V4,V3,V3,V1,V2,A,B,C,B,,T,0,1,1,12,,11,937,50961,1,12,1859,4,1,22,1,1
169,1,V2,V5,V2,V2,V3,V3,V2,V2,D,A,C,C,,T,0,1,1,15,,12,1201,101438,1,15,3030,2,2,33,1,1
170,1,V2,V7,V2,V4,V1,V3,V1,V2,D,B,C,A,,T,1,1,1,9,,8,1908,84865,1,9,1237,1,4,23,1,1
171,1,V4,V4,V3,V2,V3,V4,V2,V4,B,C,C,D,Y,T,1,1,1,12,23,9,727,51801,1,12,2367,3,3,36,1,1
172,1,V4,V4,V2,V3,V3,V1,V3,V4,B,A,C,D,X,T,1,1,1,16,,8,-380,91343,1,16,1176,2,3,68,3,1
173,1,V3,V4,V2,V1,V1,V2,V2,V3,A,A,C,A,,T,0,1,1,12,,0,1086,104931,2,12,1345,4,2,43,2,1
174,1,V2,V1,V4,V4,V3,V3,V2,V2,A,B,A,C,,T,0,1,1,21,,14,1298,72012,1,21,3358,4,2,29,1,1
175,1,V2,V4,V2,V1,V2,V3,V1,V2,D,A,C,B,,T,0,1,1,6,,7,1503,134322,1,6,3519,2,3,26,1,3
176,1,V4,V1,V1,V0,V2,V2,V2,V4,C,A,B,B,,T,0,1,1,30,,10,1264,81234,1,30,3657,4,4,49,2,1
177,0,V2,V1,V2,V1,V1,V3,V2,V2,A,B,C,D,X,T,1,1,1,21,,14,463,17744,1,21,1836,3,2,25,2,1
178,1,V2,V3,V3,V0,V2,V3,V2,V2,D,A,C,D,,T,0,1,1,24,,4,933,109992,1,24,2836,3,4,53,1,1
179,1,V2,V1,V2,V0,V1,V4,V2,V2,D,A,C,A,,T,1,1,1,24,,15,855,50243,1,24,1279,4,1,36,1,1
180,1,V2,V1,V1,V4,V2,V3,V2,V2,B,A,C,C,,T,0,1,1,15,,15,1284,131673,1,15,1445,4,1,23,1,1
181,1,V2,V5,V1,V1,V2,V3,V2,V2,D,A,C,A,X,T,1,1,1,18,,15,1347,104271,1,18,3379,2,1,31,1,1
182,1,V2,V3,V4,V1,V1,V3,V2,V2,D,C,C,A,,T,0,1,1,6,49,12,1109,161446,1,6,1544,4,2,33,1,1
183,1,V2,V4,V2,V0,V3,V4,V2,V2,C,B,C,C,,T,0,1,1,18,,9,755,124490,1,18,1962,3,2,23,1,1
184,1,V2,V1,V2,V1,V3,V3,V2,V2,A,B,A,C,,T,0,1,1,12,,8,1460,108308,1,12,1499,4,1,23,1,1
185,1,V4,V1,V1,V0,V1,V3,V2,V4,D,A,C,A,,T,0,1,1,12,,5,699,32651,1,12,931,4,4,65,4,1
186,0,V1,V3,V3,V4,V4,V3,V3,V1,A,A,C,A,,T,1,1,1,24,,12,1165,114732,2,24,3350,4,4,30,1,1
187,1,V2,V5,V1,V4,V3,V3,V1,V2,D,D,C,D,X,T,1,1,1,12,,11,1306,140677,1,12,2446,2,4,26,1,1
188,1,V1,V5,V1,V4,V1,V3,V1,V1,D,A,A,B,,T,1,1,1,28,,13,381,66177,2,28,7825,3,4,40,2,3
189,1,V4,V1,V5,V3,V1,V2,V2,V4,D,B,C,B,,T,0,1,1,11,3,8,843,36857,1,11,1155,4,4,57,3,1
190,0,V4,V1,V2,V1,V3,V3,V2,V4,B,D,C,D,,T,0,1,1,18,,13,361,53061,1,18,1246,4,2,33,1,1
191,1,V4,V5,V2,V3,V3,V4,V2,V4,B,A,C,B,,T,1,1,1,12,,10,1686,104423,1,12,1861,4,2,34,2,1
192,1,V2,V7,V2,V4,V1,V3,V2,V2,A,B,C,C,,T,0,1,1,6,,13,1666,82431,1,6,344,4,1,27,1,1
193,1,V0,V3,V2,V1,V3,V3,V2,V0,B,B,A,A,,T,1,1,1,18,,11,1290,126712,1,18,3245,1,4,33,2,1
194,1,V4,V4,V2,V2,V1,V2,V2,V4,A,A,C,B,,T,0,2,1,8,,3,2110,157630,1,8,3399,1,4,39,2,1
195,1,V2,V4,V1,V3,V1,V1,V1,V2,B,B,C,D,,T,0,1,1,12,,13,1165,130860,1,12,7473,1,2,24,1,1
196,0,V4,V4,V2,V0,V2,V3,V1,V4,A,A,A,C,X,T,1,1,1,16,48,8,1155,107308,1,16,2626,2,4,43,1,3
197,0,V0,V6,V2,V0,V4,V4,V3,V0,B,A,C,B,,T,1,1,1,36,,11,1611,82731,1,36,1954,4,4,61,1,1
198,1,V2,V6,V2,V1,V2,V2,V2,V2,A,B,C,B,,T,0,1,1,15,,8,867,93924,1,15,807,4,4,22,1,1
199,1,V2,V1,V2,V1,V1,V3,V2,V2,B,A,C,D,,T,0,1,1,9,,3,1332,67348,1,9,459,4,3,24,1,1
200,0,V0,V1,V2,V4,V3,V4,V2,V0,C,A,C,A,,T,1,1,1,9,,2,1074,62210,1,9,1338,4,2,34,2,1
201,0,V1,V9,V1,V0,V3,V4,V2,V1,A,A,B,D,,T,1,1,1,24,,12,1398,36705,1,24,1359,4,3,40,1,1
202,1,V2,V6,V2,V4,V1,V3,V2,V2,B,D,C,B,,T,1,1,1,8,,7,696,100908,1,8,908,3,2,26,1,1
203,1,V2,V1,V2,V4,V4,V4,V2,V2,B,B,C,A,,T,1,1,1,36,,8,744,94967,1,36,4796,4,1,30,1,1
204,1,V2,V6,V1,V0,V2,V3,V2,V2,D,A,C,C,X,T,0,1,1,36,,11,1198,58129,1,36,7410,3,2,37,2,1
205,1,V3,V5,V2,V1,V1,V3,V1,V3,D,D,C,C,,T,0,1,1,12,,5,838,103042,1,12,1504,4,4,41,1,1
206,0,V2,V3,V1,V0,V2,V3,V2,V2,B,B,A,A,,T,1,1,1,12,5,10,1319,43433,1,12,2763,1,2,25,1,1
207,1,V4,V6,V2,V1,V1,V3,V2,V4,D,B,C,A,,T,0,1,1,12,,9,827,160741,1,12,1186,3,2,27,2,1
208,0,V3,V2,V2,V4,V2,V3,V2,V3,A,A,C,C,,T,0,1,1,21,,16,1462,109879,1,21,3415,2,1,26,2,1
209,1,V2,V3,V1,V4,V2,V3,V2,V2,A,B,C,A,,T,1,2,1,24,,8,926,90198,1,24,7722,1,2,30,1,1
210,1,V2,V4,V2,V4,V2,V3,V2,V2,B,A,C,B,,T,0,1,1,24,,14,990,110233,1,24,1202,4,1,26,1,1
211,1,V4,V5,V1,V2,V2,V3,V2,V4,D,A,C,C,,T,1,1,1,24,,8,527,137529,1,24,4043,3,4,43,2,1
212,1,V4,V1,V2,V0,V1,V2,V2,V4,D,A,C,C,X,T,1,1,1,12,,13,1115,132303,1,12,1656,2,4,63,2,1
213,1,V3,V6,V2,V1,V3,V3,V2,V3,D,B,C,B,,T,1,1,1,33,,10,1195,132438,1,33,2765,2,2,26,2,1
214,0,V2,V1,V2,V4,V2,V3,V1,V2,A,B,C,A,,T,0,1,1,9,,12,919,91469,1,9,1367,3,4,22,1,1
215,1,V4,V4,V5,V2,V3,V3,V2,V4,D,B,C,B,,T,1,1,1,12,12,6,301,93706,1,12,683,4,3,51,2,1
216,0,V4,V4,V3,V1,V4,V3,V3,V4,D,A,A,A,,T,0,1,1,48,,10,612,133570,1,48,10128,2,2,44,1,1
217,1,V2,V1,V3,V0,V3,V3,V2,V2,D,A,C,A,,T,0,1,1,22,,9,1321,41656,1,22,2676,3,4,40,1,1
218,1,V2,V1,V2,V1,V2,V3,V2,V2,D,A,C,B,,T,1,2,1,10,,12,623,99257,1,10,1925,1,4,38,1,1
219,1,V4,V1,V2,V0,V1,V3,V2,V4,D,A,C,C,,T,0,1,1,12,,2,927,81190,1,12,718,4,4,52,3,1
220,1,V2,V6,V4,V0,V1,V2,V2,V2,D,B,A,A,,T,0,1,1,21,,16,733,66595,1,21,1573,4,4,36,1,1
221,1,V2,V5,V4,V2,V2,V3,V2,V2,D,A,C,C,,T,0,2,1,12,,12,1354,68202,1,12,1414,3,2,55,1,1
222,0,V2,V5,V2,V1,V3,V4,V1,V2,B,B,C,C,,T,0,1,1,24,,11,1038,148260,1,24,11561,1,4,23,2,1
223,1,V4,V1,V2,V0,V1,V3,V2,V4,D,D,C,A,,T,0,1,1,24,,0,927,30323,1,24,2612,4,3,46,2,2
224,1,V4,V1,V2,V0,V1,V2,V1,V4,B,B,A,B,,T,1,1,1,18,,19,295,23918,1,18,1796,3,4,48,2,3
225,0,V1,V4,V1,V1,V2,V2,V2,V1,A,A,C,B,,T,0,1,1,21,,9,781,60975,2,21,1648,4,2,40,2,1
226,1,V4,V6,V1,V0,V1,V3,V2,V4,D,A,C,A,,T,0,1,1,36,,19,1590,65585,1,36,6305,4,4,36,2,1
227,1,V1,V10,V2,V0,V3,V2,V2,V1,A,D,A,B,,T,0,1,1,12,,10,609,86401,1,12,340,4,1,45,1,1
228,0,V2,V2,V5,V1,V4,V3,V3,V2,B,A,C,A,,T,1,1,1,36,83,9,49,92659,2,36,12613,1,4,47,1,1
229,0,V0,V9,V2,V1,V2,V4,V2,V0,B,B,A,D,,T,1,2,1,48,,7,2244,109235,1,48,18425,1,2,32,1,1
230,1,V4,V4,V3,V3,V4,V1,V3,V4,C,A,A,D,,T,0,1,1,12,,4,308,85363,1,12,1481,2,4,66,3,1
231,0,V2,V1,V1,V4,V3,V3,V2,V2,D,B,C,B,,T,1,1,1,24,,7,836,100725,1,24,5944,1,1,44,2,1
232,0,V2,V4,V2,V4,V1,V2,V2,V2,A,A,C,A,,T,0,1,1,12,,6,672,104217,2,12,2580,4,1,33,1,1
233,0,V4,V3,V2,V4,V1,V2,V2,V4,B,A,C,B,,T,0,1,1,18,,9,1712,61560,1,18,1929,2,2,31,2,1
234,1,V2,V3,V3,V1,V3,V3,V1,V2,D,B,C,A,,T,0,1,1,15,,5,89,182905,1,15,2222,2,4,20,1,1
235,1,V2,V3,V2,V2,V2,V3,V3,V2,A,A,C,C,,T,0,1,1,42,,12,591,95518,2,42,7883,2,4,45,1,3
236,1,V4,V3,V2,V1,V2,V3,V2,V4,A,C,C,A,,T,0,1,1,15,,11,914,40725,1,15,976,2,3,25,2,1
237,1,V2,V1,V2,V1,V3,V3,V2,V2,C,A,C,A,,T,0,1,1,36,,13,661,111503,1,36,5849,4,1,24,1,1
238,1,V2,V3,V2,V3,V2,V4,V2,V2,A,A,C,C,,T,1,1,1,36,,14,853,76778,1,36,3960,4,3,30,1,1
239,1,V4,V3,V2,V3,V4,V4,V3,V4,A,A,C,C,,T,1,1,1,6,,15,771,71944,1,6,1873,4,4,36,3,1
240,0,V1,V6,V2,V0,V4,V3,V1,V1,B,B,C,B,,T,0,1,1,48,,6,1785,360,1,48,6417,4,3,59,1,1
241,0,V1,V4,V5,V4,V2,V2,V2,V1,B,B,B,A,X,T,0,1,1,6,,8,727,167394,1,6,932,1,1,32,1,1
242,0,V2,V4,V2,V1,V2,V2,V1,V2,B,B,C,D,,T,1,1,1,24,,10,996,92620,1,24,2719,3,4,20,1,1
243,0,V1,V3,V2,V1,V3,V3,V2,V1,A,A,A,B,,T,0,1,1,18,,13,1132,55330,1,18,1554,4,3,44,1,1
244,0,V2,V4,V2,V1,V3,V2,V2,V2,A,A,C,B,,T,0,1,1,28,,18,1355,132284,1,28,4007,3,2,45,1,1
245,0,V2,V8,V2,V4,V1,V3,V2,V2,D,B,C,A,,T,0,1,1,18,,23,213,114288,1,18,1944,4,4,23,1,1
246,1,V4,V3,V2,V1,V4,V3,V3,V4,D,A,C,C,,T,1,1,1,15,45,6,1293,119592,1,15,3344,4,2,28,1,1
247,1,V4,V4,V2,V1,V1,V1,V2,V4,C,A,C,A,,T,0,2,1,6,,9,1329,119186,2,6,1300,1,1,74,3,1
248,1,V4,V3,V2,V2,V2,V3,V2,V4,D,A,C,A,,T,0,1,1,24,,15,884,81052,1,24,1586,4,3,40,2,1
249,0,V2,V3,V2,V3,V3,V4,V2,V2,D,B,C,B,,T,1,1,1,36,,10,643,88047,1,36,10975,4,2,26,2,1
250,0,V4,V1,V1,V0,V2,V2,V2,V4,D,B,A,B,,T,0,1,1,12,,11,449,160399,2,12,798,4,3,33,1,1
251,1,V2,V4,V2,V1,V1,V2,V2,V2,D,A,C,B,,T,0,2,1,10,,8,578,116921,2,10,1547,3,2,31,1,1
252,1,V4,V1,V5,V0,V2,V3,V2,V4,D,A,A,C,,T,0,1,1,24,,18,1082,31229,1,24,2224,4,4,52,2,1
253,1,V4,V3,V2,V1,V2,V3,V1,V4,A,B,C,A,,T,0,1,1,15,,22,1878,124753,1,15,1434,4,3,25,2,1
254,0,V2,V4,V1,V1,V4,V3,V3,V2,B,A,C,C,,T,1,1,1,36,,11,1210,198687,1,36,12390,1,4,37,1,1
255,1,V2,V5,V1,V3,V1,V4,V2,V2,B,C,C,B,,T,1,1,1,20,,13,748,13158,1,20,6469,1,4,60,1,1
256,0,V4,V1,V2,V2,V1,V3,V2,V4,B,A,C,B,,T,0,1,1,39,,13,1281,135446,1,39,4934,2,2,25,2,3
257,1,V2,V4,V2,V0,V4,V3,V3,V2,D,B,C,B,,T,1,1,1,24,,7,1192,85712,1,24,3758,4,4,62,1,2
258,1,V4,V3,V1,V2,V2,V4,V2,V4,A,A,C,A,,T,1,1,1,39,,13,1492,71718,1,39,14180,4,4,30,2,1
259,0,V2,V4,V3,V1,V2,V3,V2,V2,D,B,C,C,,T,0,1,1,12,,10,1550,115025,1,12,1387,2,2,26,1,1
260,0,V2,V6,V2,V1,V3,V3,V2,V2,B,A,C,B,,T,1,1,1,27,,8,801,79727,2,27,3916,4,2,,1,1
261,0,V2,V5,V2,V1,V2,V3,V2,V2,A,A,C,B,,T,0,1,1,36,8,10,1014,160444,2,36,8230,2,2,26,1,1
262,1,V2,V1,V2,V0,V3,V3,V2,V2,B,B,C,A,,T,1,1,1,24,,8,1093,97512,1,24,1968,4,4,20,1,1
263,1,V4,V1,V1,V0,V4,V3,V3,V4,D,A,C,B,,T,0,1,1,6,,12,1200,124897,1,6,701,4,4,36,2,1
264,1,V2,V3,V2,V4,V3,V3,V2,V2,C,B,C,D,,T,0,1,1,24,,11,1566,126859,1,24,3750,2,4,26,1,1
265,1,V2,V1,V2,V4,V1,V2,V2,V2,B,D,C,D,,T,0,2,1,6,,19,786,88232,1,6,591,3,3,26,1,1
266,1,V2,V1,V2,V4,V2,V3,V2,V2,D,B,C,B,,T,1,1,1,24,,7,721,120618,1,24,3182,4,4,26,1,1
267,0,V2,V3,V2,V4,V3,V3,V1,V2,D,B,C,C,,T,0,1,1,9,,8,1531,122139,1,9,1981,2,2,19,2,2
268,1,V2,V1,V2,V4,V2,V2,V2,V2,B,B,C,D,,T,0,1,1,13,,4,772,49840,1,13,2102,2,4,23,1,3
269,0,V2,V3,V2,V1,V1,V3,V2,V2,B,B,C,C,,T,0,1,1,8,,3,1143,86785,1,8,1238,3,4,24,1,1
270,0,V3,V4,V2,V3,V1,V3,V3,V3,A,A,C,B,,T,0,1,1,24,,12,772,126545,2,24,1334,4,2,43,2,1
271,1,V0,V5,V5,V0,V3,V3,V2,V0,B,D,A,B,,T,1,1,1,20,,7,1250,142943,1,20,6149,3,4,31,2,1
272,1,V2,V1,V2,V4,V3,V4,V1,V2,B,D,C,A,,T,1,1,1,6,,2,1383,69989,1,6,2064,4,3,30,1,1
273,1,V2,V4,V2,V1,V3,V3,V1,V2,A,B,C,D,,T,0,1,1,15,,11,761,92390,1,15,1404,2,4,28,1,1
274,0,V2,V4,V2,V0,V2,V4,V2,V2,A,C,C,C,,T,1,2,1,14,,4,630,82790,1,14,8979,1,4,45,1,1
275,0,V3,V6,V2,V2,V3,V3,V2,V3,A,A,C,C,,T,1,1,1,36,,11,1084,22869,1,36,2146,2,1,24,2,1
276,1,V2,V1,V2,V1,V3,V3,V2,V2,,A,C,C,,T,1,1,1,12,,11,1899,95033,1,12,3078,2,4,52,1,1
277,1,V2,V1,V2,V2,V1,V3,V2,V2,A,A,C,B,,T,0,1,1,9,,13,1500,85212,1,9,1365,3,4,59,1,1
278,0,V3,V1,V2,V2,V2,V3,V2,V3,A,A,A,A,,T,1,1,1,42,,13,693,107770,2,42,4371,3,2,26,2,1
279,0,V2,V3,V2,V1,V3,V3,V2,V2,B,B,C,D,,T,0,2,1,9,,12,1040,73744,1,9,960,1,2,29,1,1
280,1,V2,V1,V5,V4,V3,V3,V2,V2,B,A,C,B,,T,0,1,1,24,,5,383,135569,1,24,2897,2,1,29,1,1
281,0,V2,V4,V1,V1,V2,V2,V2,V2,D,A,C,D,,T,0,1,1,10,,13,988,4030,1,10,1310,4,4,27,1,3
282,0,V2,V1,V2,V3,V3,V4,V2,V2,A,A,B,C,Y,T,0,1,1,24,69,10,1148,111390,2,24,1824,4,2,30,1,1
283,1,V2,V5,V1,V0,V4,V3,V3,V2,B,A,A,D,,T,1,1,1,24,,5,938,119900,1,24,2761,4,4,36,1,1
284,1,V4,V1,V4,V1,V1,V2,V2,V4,D,B,C,B,,T,0,1,1,24,,6,1055,118397,1,24,1517,4,1,43,2,1
285,1,V2,V5,V1,V1,V4,V3,V3,V2,D,C,C,A,,T,1,1,1,24,,9,1364,203403,1,24,9278,2,4,48,1,1
286,1,V4,V5,V1,V1,V2,V4,V2,V4,D,A,C,A,,T,1,1,1,24,,14,756,157281,2,24,6843,2,4,46,2,1
287,0,V2,V4,V2,V1,V2,V3,V2,V2,A,B,C,C,,T,1,1,1,15,,8,899,47337,1,15,3960,3,2,29,1,1
288,1,V2,V4,V2,V1,V1,V3,V2,V2,D,D,C,C,,T,1,1,1,12,,14,1792,48742,1,12,1102,3,2,27,2,1
289,0,V4,V3,V2,V4,V4,V2,V1,V4,A,B,C,D,,T,1,1,1,36,,8,967,60015,1,36,6230,4,4,23,2,2
290,1,V4,V1,V2,V4,V1,V3,V2,V4,B,A,C,A,,T,0,1,1,13,,7,1331,123209,1,13,883,4,4,23,2,3
291,1,V3,V1,V3,V2,V3,V4,V2,V3,D,A,C,C,,T,1,1,1,48,,5,1120,119021,1,48,12750,4,1,37,1,1
292,1,V2,V3,V1,V1,V2,V2,V2,V2,B,B,C,D,,T,1,1,1,24,,4,1554,62133,1,24,4352,1,4,48,1,1
293,0,V2,V9,V2,V1,V3,V4,V2,V2,B,A,A,A,,T,1,1,1,24,,11,1572,124082,1,24,11329,2,3,29,2,2
294,1,V2,V4,V1,V0,V3,V3,V2,V2,D,A,C,B,,T,1,1,1,12,,9,1396,161924,1,12,2391,4,3,50,1,1
295,1,V4,V3,V2,V2,V2,V2,V2,V4,D,A,C,B,Y,T,0,1,1,24,,8,1191,123532,1,24,2029,2,2,30,2,1
296,1,V4,V4,V2,V1,V1,V3,V2,V4,D,B,C,B,,T,0,1,1,18,,7,1270,174914,1,18,1029,4,3,36,2,1
297,1,V2,V6,V2,V4,V2,V3,V2,V2,B,B,C,A,,T,1,1,1,27,,14,907,138205,2,27,2529,4,1,32,1,1
298,0,V2,V4,V2,V4,V3,V2,V2,V2,A,B,C,C,,T,0,1,1,18,,14,1608,76990,1,18,977,1,2,23,1,1
299,1,V2,V3,V2,V0,V1,V3,V2,V2,D,A,C,A,,T,0,1,1,21,,12,1427,80937,1,21,2242,4,2,50,2,1
300,1,V0,V5,V1,V1,V2,V2,V2,V0,D,A,C,C,,T,0,1,1,54,,13,354,135098,2,54,9437,2,2,39,1,1
301,1,V2,V1,V2,V4,V3,V3,V2,V2,D,B,B,B,X,T,1,1,1,24,,9,957,126091,1,24,1534,4,3,38,1,1
302,1,V2,V1,V1,V2,V2,V3,V1,V2,D,D,C,D,,T,1,1,1,42,,5,1738,62713,1,42,7167,2,4,29,1,1
303,1,V4,V5,V5,V2,V3,V3,V1,V4,A,D,C,D,,T,0,1,1,30,,12,572,119273,1,30,6188,1,4,24,2,1
304,1,V4,V1,V2,V0,V1,V3,V1,V4,D,D,C,C,,T,0,1,1,6,,18,672,78317,1,6,1741,2,2,30,2,1
305,1,V2,V4,V1,V4,V1,V1,V2,V2,B,A,C,C,Y,T,0,1,1,9,,5,1110,147000,1,9,1550,4,2,35,1,1
306,1,V1,V1,V5,V0,V3,V2,V2,V1,D,A,A,D,,T,0,1,1,15,,15,810,105040,2,15,1570,4,4,34,1,1
307,0,V1,V9,V5,V0,V4,V4,V3,V1,B,B,A,C,,T,1,1,1,60,,8,798,171148,1,60,14783,3,4,60,2,1
308,1,V4,V1,V2,V1,V1,V2,V2,V4,B,B,C,C,,T,0,1,1,12,,20,1967,113129,1,12,3574,1,1,23,1,1
309,0,V4,V2,V2,V4,V3,V3,V1,V4,C,C,C,D,,T,0,1,1,21,,6,472,112821,1,21,2320,2,1,33,1,1
310,0,V2,V1,V2,V0,V1,V2,V2,V2,A,A,B,A,X,T,0,1,1,12,,8,1033,169182,1,12,710,4,4,57,1,1
311,1,V3,V5,V2,V0,V3,V4,V2,V3,B,A,C,B,,T,1,1,1,27,,7,988,42082,1,27,5966,1,2,30,2,1
312,1,V2,V4,V1,V3,V2,V4,V2,V2,A,B,C,A,,T,1,1,1,6,,9,176,91590,1,6,1375,4,3,75,1,1
313,0,V2,V6,V1,V1,V1,V3,V2,V2,D,C,A,A,,T,0,1,1,48,,10,1181,123770,1,48,3915,4,2,38,1,1
314,0,V2,V3,V2,V1,V3,V3,V1,V2,A,B,C,C,Y,T,0,1,1,12,,17,1611,114253,1,12,1283,2,4,20,1,1
315,0,V4,V2,V2,V0,V3,V4,V2,V4,B,B,C,C,,T,1,1,1,9,83,5,985,106531,1,9,1502,2,3,34,2,1
316,1,V2,V1,V2,V2,V3,V3,V2,V2,C,A,A,A,,T,0,1,1,24,,15,589,83175,1,24,5153,4,2,25,1,1
317,1,V4,V4,V1,V0,V3,V3,V2,V4,D,B,C,A,,T,1,1,1,15,,9,950,133059,1,15,5046,1,4,59,1,1
318,1,V2,V4,V4,V1,V1,V3,V2,V2,B,D,C,D,,T,0,1,1,12,,14,500,162256,1,12,1008,4,1,22,1,1
319,1,V2,V3,V5,V1,V3,V3,V2,V2,D,A,B,C,,T,0,1,1,24,,5,421,49809,1,24,5512,4,1,25,1,1
320,1,V2,V3,V2,V1,V1,V2,V2,V2,A,A,A,A,,T,1,1,1,6,,1,433,84556,1,6,1375,1,2,36,1,1
321,1,V4,V6,V2,V0,V3,V4,V2,V4,A,A,B,B,,T,1,1,1,27,,4,1162,77411,2,27,2443,4,4,43,4,1
322,1,V3,V6,V1,V0,V2,V3,V2,V3,B,A,C,A,,T,0,1,1,18,,12,819,116671,1,18,2428,4,2,42,2,1
323,1,V2,V5,V2,V3,V4,V4,V3,V2,A,A,C,A,,T,1,1,1,24,,13,1080,118942,1,24,6580,4,2,29,1,1
324,1,V4,V4,V2,V0,V3,V4,V2,V4,D,A,C,A,,T,1,1,1,36,,11,835,58806,1,36,6615,4,4,34,2,1
325,1,V2,V1,V2,V1,V4,V4,V3,V2,D,A,C,D,,T,1,1,1,18,,9,707,66219,1,18,1506,4,2,32,1,1
326,1,V2,V6,V2,V1,V1,V3,V2,V2,B,D,A,D,,T,1,1,1,9,,10,1187,101660,1,9,1392,2,1,27,1,1
327,1,V2,V3,V1,V0,V1,V4,V2,V2,C,B,C,B,,T,1,1,1,12,,8,1099,113270,1,12,1425,3,4,55,1,1
328,1,V4,V1,V4,V0,V2,V4,V1,V4,A,B,C,B,,T,1,1,1,24,,7,623,25783,1,24,1232,4,4,57,2,1
329,1,V4,V4,V2,V1,V2,V3,V2,V4,A,A,C,B,Y,T,0,1,1,12,,6,653,112739,1,12,2122,4,2,30,2,1
330,1,V4,V5,V1,V2,V3,V3,V2,V4,D,A,C,D,,T,1,1,1,24,,4,1404,47207,2,24,2198,4,4,43,2,1
331,1,V4,V1,V2,V1,V3,V3,V2,V4,D,B,C,B,,T,1,1,1,6,,9,756,87683,1,6,1383,1,1,28,2,1
332,1,V2,V1,V2,V1,V1,V4,V1,V2,A,A,C,B,,T,1,1,1,12,,8,1332,107684,2,12,1108,2,2,20,1,1
333,1,V4,V1,V2,V2,V1,V2,V2,V4,D,A,C,D,,T,0,1,1,4,53,11,1389,86078,2,4,1504,2,1,42,2,1
334,1,V2,V6,V5,V2,V1,V2,V2,V2,B,A,C,C,,T,0,1,1,12,,10,996,127331,1,12,1038,3,4,39,1,1
335,1,V4,V4,V2,V0,V3,V3,V2,V4,A,D,C,A,,T,1,1,1,21,,11,1156,54701,1,21,1603,4,3,30,2,1
336,1,V0,V6,V2,V4,V2,V3,V2,V0,C,C,C,A,,T,0,1,1,42,,15,1386,83993,1,42,6290,2,1,33,2,1
337,1,V0,V3,V2,V1,V1,V3,V2,V0,A,C,C,A,Y,T,0,1,1,30,,12,1326,138542,1,30,4584,2,2,32,2,3
338,1,V4,V4,V2,V2,V2,V3,V2,V4,A,A,C,B,,T,1,1,1,10,62,11,937,142062,1,10,1039,4,3,49,2,2
339,1,V4,V5,V2,V0,V3,V4,V1,V4,D,B,C,B,,T,1,1,1,24,,13,398,95815,1,24,3869,4,2,41,2,1
340,0,V4,V8,V2,V3,V4,V1,V3,V4,A,B,C,C,,T,0,1,1,18,,10,1207,27839,2,18,1191,2,4,55,3,1
341,1,V3,V5,V4,V1,V3,V3,V2,V3,D,A,C,C,,T,0,1,1,27,65,5,536,120605,1,27,8614,2,2,27,2,1
342,1,V2,V5,V2,V2,V4,V4,V3,V2,A,A,C,C,,T,1,1,1,24,,5,1492,142564,1,24,2911,2,1,34,1,1
343,1,V4,V3,V2,V0,V2,V3,V2,V4,B,B,C,C,X,T,1,1,1,18,,18,1236,150171,1,18,3613,3,4,37,1,1
344,0,V2,V4,V2,V2,V3,V2,V2,V2,B,D,A,D,,T,0,1,1,12,,17,1372,-8684,1,12,686,2,3,25,1,1
345,1,V2,V1,V2,V2,V2,V3,V2,V2,D,A,C,C,,T,0,1,1,6,,6,710,31449,2,6,1596,3,2,51,1,1
346,1,V2,V1,V2,V0,V1,V3,V2,V2,B,B,C,A,,T,0,1,1,9,,9,1291,49769,1,9,1207,4,4,25,1,1
347,0,V1,V4,V2,V4,V3,V3,V2,V1,A,A,A,D,,T,1,1,1,12,,15,1099,80792,1,12,698,4,2,46,2,1
348,1,V2,V3,V2,V4,V4,V3,V3,V2,A,A,A,C,,T,0,1,1,24,,8,1289,123247,1,24,3150,4,1,22,1,1
349,0,V0,V6,V2,V1,V3,V3,V2,V0,D,A,B,C,,T,0,1,1,18,,6,1137,93845,2,18,4166,2,2,36,2,1
350,0,V2,V4,V5,V1,V3,V3,V1,V2,B,B,C,C,X,T,1,1,1,15,,10,1146,105354,1,15,2632,2,4,28,2,1
351,0,V2,V3,V2,V4,V2,V3,V2,V2,D,B,C,A,,T,0,1,1,6,,9,906,45699,1,6,4612,1,4,32,1,1
352,1,V2,V4,V5,V2,V3,V3,V2,V2,B,A,A,B,,T,1,1,1,24,,16,359,128258,1,24,3513,2,3,38,2,1
353,1,V2,V1,V2,V0,V1,V2,V2,V2,B,D,A,D,,T,0,1,1,12,,14,513,54653,1,12,1156,3,3,40,2,3
354,1,V2,V4,V2,V3,V3,V3,V1,V2,A,B,C,C,,T,0,1,1,15,,0,1242,39241,1,15,2512,1,4,23,1,1
355,1,V4,V2,V5,V1,V3,V3,V2,V4,D,B,C,D,,T,0,1,1,15,,7,1355,37311,1,15,1533,4,3,31,1,1
356,0,V2,V2,V2,V1,V4,V3,V3,V2,B,A,C,A,,T,0,1,1,60,,2,755,32359,1,60,6289,4,4,42,1,1
357,0,V2,V1,V1,V3,V4,V4,V2,V2,B,A,C,B,,T,1,1,1,12,,11,1176,135704,1,12,6469,2,1,52,1,1
358,1,V2,V3,V2,V1,V3,V2,V2,V2,B,C,C,D,,T,0,1,1,10,,1,1039,163423,1,10,1522,4,2,31,1,1
359,0,V0,V4,V1,V1,V2,V3,V2,V0,D,B,A,A,,T,1,1,1,21,,10,602,92761,1,21,5004,1,4,29,2,1
360,0,V2,V3,V2,V1,V1,V3,V1,V2,A,B,A,D,,T,0,1,1,18,,11,664,83868,1,18,2040,1,4,20,1,1
361,1,V2,V6,V4,V4,V1,V3,V2,V2,B,D,A,A,,T,1,1,1,18,18,10,1108,131647,1,18,1914,3,3,36,1,1
362,1,V4,V1,V2,V1,V2,V3,V2,V4,D,A,C,B,,T,0,1,1,15,,15,661,106601,1,15,1361,4,2,31,2,1
363,1,V1,V1,V2,V1,V1,V2,V2,V1,B,A,B,B,,T,0,1,1,10,,9,1648,139276,1,10,1049,4,4,23,1,1
364,0,V2,V4,V5,V2,V2,V3,V2,V2,B,A,C,B,,T,0,1,1,48,,15,1005,148989,1,48,6561,3,2,24,1,1
365,1,V2,V1,V2,V2,V3,V3,V2,V2,D,A,A,D,,T,0,1,1,24,,12,583,130275,2,24,1553,3,1,32,1,1
366,1,V4,V1,V1,V0,V3,V3,V2,V4,D,A,C,B,,T,1,1,1,36,,9,772,146323,1,36,3343,4,2,51,1,1
367,0,V1,V4,V5,V2,V4,V3,V2,V1,B,A,C,C,,T,0,1,1,9,,8,703,87994,1,9,1438,2,3,29,1,1
368,1,V2,V2,V1,V1,V4,V2,V3,V2,D,A,C,C,,T,1,1,1,36,,1,1616,85758,2,36,9056,2,4,35,1,1
369,1,V2,V4,V3,V0,V4,V2,V3,V2,D,A,C,B,,T,0,1,1,9,,8,1115,87540,1,9,2508,2,4,51,1,1
370,0,V2,V4,V2,V4,V2,V3,V2,V2,A,B,C,C,,T,0,1,1,24,,14,829,72851,1,24,3124,4,1,27,1,1
371,0,V3,V4,V2,V1,V4,V3,V3,V3,A,A,C,D,,T,0,1,1,24,,13,876,52444,2,24,4871,3,4,53,2,1
372,0,V2,V4,V2,V2,V4,V3,V3,V2,C,A,A,D,,T,0,1,1,24,,13,1261,123483,2,24,948,4,3,38,1,1
373,1,V2,V8,V1,V0,V2,V3,V2,V2,D,A,C,D,,T,1,1,1,27,,11,1342,117968,2,27,5191,4,4,48,4,1
374,1,V4,V4,V4,V0,V1,V3,V2,V4,D,B,C,B,,T,1,1,1,24,,11,726,98420,1,24,1288,4,4,37,2,1
375,1,V2,V4,V1,V1,V1,V3,V2,V2,D,A,C,D,,T,0,1,1,36,,8,993,141382,1,36,3080,4,4,36,1,1
376,1,V2,V1,V1,V0,V3,V3,V2,V2,D,A,C,A,,T,0,1,1,24,,12,1286,12680,1,24,1000,4,2,25,2,1
377,0,V2,V1,V2,V1,V1,V3,V2,V2,B,B,C,B,,T,0,1,1,48,,18,764,113981,1,48,5952,2,2,22,1,1
378,1,V4,V5,V1,V2,V4,V3,V3,V4,D,A,C,A,,T,1,1,1,48,,11,1316,116154,1,48,8859,2,1,35,2,1
379,0,V2,V7,V2,V1,V1,V2,V2,V2,A,D,C,A,,T,1,1,1,18,,5,1215,-3656,1,18,1218,4,3,47,1,1
380,1,V3,V1,V2,V2,V3,V3,V2,V3,D,A,C,C,,T,1,1,1,60,,12,1495,-6770,1,60,15654,2,4,21,2,1
381,1,V2,V5,V3,V3,V2,V1,V1,V2,A,B,C,B,,T,1,1,1,6,,8,917,113770,1,6,1353,1,2,23,1,1
382,1,V4,V4,V2,V1,V3,V3,V2,V4,D,B,C,D,,T,1,1,1,24,,12,1304,59265,1,24,2023,4,4,37,1,1
383,0,V0,V4,V5,V4,V3,V3,V2,V0,B,B,C,D,,T,0,1,1,18,,4,757,168069,1,18,2279,3,3,28,2,1
384,1,V2,V5,V2,V2,V3,V4,V2,V2,D,A,C,B,Y,T,1,1,1,24,,9,1160,111284,1,24,7815,3,3,38,1,1
385,1,V3,V5,V1,V2,V3,V4,V2,V3,D,A,B,B,,T,1,1,1,36,,12,769,133634,2,36,8948,3,2,31,1,1
386,0,V2,V2,V2,V4,V2,V3,V2,V2,A,B,C,A,,T,0,1,1,6,,5,33,128156,1,6,449,4,4,23,1,1
387,1,V2,V5,V2,V4,V4,V4,V2,V2,D,B,C,D,,T,1,1,1,24,,9,1235,126154,1,24,2680,4,1,29,1,1
388,1,V4,V3,V2,V0,V2,V3,V2,V4,A,B,C,D,,T,0,1,1,20,,8,746,57067,1,20,4273,1,4,24,2,1
389,1,V4,V3,V2,V4,V1,V3,V1,V4,D,B,C,D,,T,0,1,1,10,,15,668,108064,1,10,2147,1,3,23,2,1
390,0,V4,V3,V2,V4,V2,V3,V1,V4,D,B,C,D,,T,1,1,1,36,,12,433,61112,1,36,7128,2,4,23,2,1
391,1,V1,V3,V3,V1,V1,V3,V2,V1,A,A,B,A,,T,1,1,1,24,,-2,656,112219,1,24,2829,4,4,22,1,1
392,0,V4,V4,V2,V0,V1,V3,V2,V4,B,A,A,A,,T,0,1,1,18,,13,1051,141064,1,18,1057,3,3,30,2,3
393,1,V2,V4,V2,V1,V2,V3,V2,V2,A,B,C,D,,T,1,1,1,12,,5,1032,212666,1,12,1894,4,4,29,1,3
394,1,V4,V4,V2,V1,V3,V3,V2,V4,D,A,C,C,,T,1,1,1,9,,18,661,82279,1,9,2135,4,4,48,3,1
395,1,V2,V1,V2,V1,V1,V3,V2,V2,B,A,C,D,,T,0,2,1,8,12,4,1218,39125,1,8,1415,4,2,33,1,3
396,0,V4,V5,V2,V0,V4,V3,V3,V4,A,A,C,B,,T,1,1,1,48,,11,1754,140260,1,48,6332,4,4,46,2,1
397,1,V4,V4,V5,V4,V3,V3,V2,V4,B,C,C,B,,T,1,1,1,24,,10,331,73540,1,24,3879,4,2,37,1,1
398,1,V2,V4,V5,V1,V3,V4,V2,V2,C,B,A,A,,T,1,1,1,21,,9,1356,69428,1,21,2924,1,1,28,1,1
399,0,V1,V3,V2,V4,V2,V3,V2,V1,A,C,A,B,,T,1,1,1,24,,10,984,143678,1,24,6873,2,1,55,1,1
400,1,V4,V5,V1,V0,V4,V3,V3,V4,D,A,C,C,,T,0,1,1,36,,9,412,106372,1,36,10478,2,4,42,2,1
401,1,V4,V4,V2,V0,V4,V3,V2,V4,A,B,C,C,,T,1,1,1,6,,7,670,97631,1,6,861,1,4,39,2,1
402,1,V2,V3,V2,V2,V3,V2,V1,V2,A,B,C,D,,T,0,1,1,21,,14,471,70309,1,21,3600,1,4,26,1,1
403,1,V2,V1,V3,V0,V3,V3,V2,V2,D,A,C,B,,T,0,1,1,36,,10,1329,123763,1,36,2300,4,4,39,1,1
404,0,V2,V1,V2,V1,V3,V3,V1,V2,A,C,C,B,,T,0,1,1,36,,12,1231,94129,1,36,2303,4,4,31,1,1
405,0,V2,V5,V1,V0,V4,V3,V3,V2,A,A,C,B,,T,0,1,1,36,,16,-19,122201,1,36,8336,3,4,47,1,1
406,0,V2,V4,V2,V0,V4,V4,V3,V2,B,A,C,B,,T,1,1,1,36,,9,1135,108008,1,36,14319,4,2,57,1,1
407,1,V2,V6,V2,V2,V2,V3,V1,V2,C,A,C,A,,T,1,1,1,15,6,13,867,119890,1,15,2688,2,4,26,1,1
408,1,V4,V1,V2,V0,V1,V2,V2,V4,B,A,C,B,,T,0,1,1,9,44,5,811,81037,1,9,1155,2,4,37,3,1
409,0,V1,V6,V2,V2,V3,V3,V1,V1,A,B,C,D,,T,0,1,1,48,,9,1078,88372,1,48,7686,2,4,37,1,3
410,1,V2,V1,V1,V1,V4,V3,V3,V2,D,A,C,D,,T,1,1,1,12,,10,554,92610,1,12,2280,4,4,37,1,1
411,1,V3,V4,V2,V0,V4,V3,V3,V3,D,A,C,A,,T,1,1,1,24,,9,1468,34027,1,24,2033,4,4,60,2,1
412,1,V4,V5,V4,V0,V4,V3,V1,V4,B,B,C,C,,T,0,1,1,24,,16,1010,91591,1,24,7759,2,4,29,1,1
413,1,V2,V1,V3,V1,V3,V2,V2,V2,C,B,C,C,,T,0,1,1,24,,12,1310,125361,1,24,1259,3,3,57,1,1
414,1,V4,V2,V3,V0,V3,V3,V2,V4,D,A,C,C,,T,1,1,1,9,,7,1308,131809,1,9,937,4,2,52,2,1
415,1,V3,V4,V1,V0,V3,V3,V2,V3,B,A,C,D,,T,0,1,1,18,,16,797,114991,2,18,2900,4,4,43,1,1
416,1,V1,V1,V3,V0,V2,V2,V2,V1,D,A,A,A,,T,0,1,1,6,,13,513,145626,2,6,1751,2,4,45,1,1
417,0,V2,V2,V2,V1,V4,V3,V3,V2,D,A,B,C,,T,1,1,1,36,71,9,1124,63805,1,36,1820,4,4,37,1,1
418,0,V4,V6,V2,V3,V3,V4,V2,V4,D,A,B,D,,T,1,1,1,12,,10,415,64194,1,12,2293,4,2,42,2,1
419,1,V4,V3,V2,V4,V3,V4,V2,V4,D,C,C,D,,T,1,1,1,18,,12,1357,130554,1,18,3781,3,2,35,2,1
420,0,V2,V1,V2,V4,V2,V3,V2,V2,A,C,C,A,X,T,0,1,1,24,,18,1028,137989,1,24,1939,4,3,32,1,1
421,1,V2,V5,V2,V4,V3,V3,V2,V2,B,A,C,B,,T,0,1,1,26,,14,1375,59918,1,26,7967,2,3,30,2,1
422,1,V4,V1,V5,V0,V1,V3,V2,V4,D,A,C,A,,T,1,1,1,24,,13,719,67733,2,24,2873,3,4,36,1,1
423,0,V4,V4,V2,V4,V3,V3,V2,V4,B,C,C,B,,T,0,1,1,36,,5,1250,109655,1,36,2821,4,4,27,2,1
424,1,V4,V1,V2,V0,V3,V3,V2,V4,D,A,C,D,,T,1,1,1,18,,6,554,77545,1,18,6071,3,4,33,2,1
425,1,V2,V7,V2,V1,V3,V3,V2,V2,C,A,C,A,,T,1,1,1,10,,15,864,57452,1,10,1226,2,2,37,1,1
426,1,V4,V2,V2,V1,V3,V3,V2,V4,D,A,C,D,,T,0,1,1,12,,13,377,130028,1,12,702,4,2,32,2,1
427,0,V2,V1,V5,V1,V3,V2,V2,V2,A,B,C,C,,T,0,1,1,24,,5,1000,75474,1,24,1283,4,2,32,1,1
428,1,V4,V1,V2,V1,V3,V3,V2,V4,D,B,C,C,,T,0,1,1,18,,12,715,120812,1,18,2405,2,2,26,2,1
429,1,V3,V1,V5,V2,V2,V3,V1,V3,B,B,C,C,,T,1,1,1,24,,11,1577,130355,1,24,1554,3,2,23,2,1
430,1,V4,V6,V2,V1,V1,V4,V2,V4,D,A,C,A,,T,1,1,1,24,,18,960,99366,1,24,4527,3,2,74,1,1
431,0,V0,V5,V2,V0,V4,V3,V3,V0,A,A,C,B,,T,0,1,1,48,,10,1245,32883,2,48,4606,3,4,24,2,1
432,1,V2,V1,V1,V0,V3,V3,V2,V2,B,B,C,B,,T,1,1,1,24,,5,-108,120387,1,24,5085,2,4,42,1,1
433,1,V2,V4,V2,V4,V2,V2,V2,V2,C,A,C,D,,T,0,1,1,10,,7,1554,148128,2,10,3950,1,1,37,1,3
434,1,V4,V1,V2,V2,V3,V3,V2,V4,D,B,C,D,,T,0,1,1,30,,13,757,81942,1,30,5772,4,2,25,2,1
435,1,V2,V3,V2,V1,V3,V3,V2,V2,A,C,C,C,,T,0,1,1,12,,18,534,171163,1,12,2578,2,1,42,1,1
436,1,V4,V1,V4,V0,V3,V3,V2,V4,D,A,C,D,,T,0,1,1,18,,9,268,131131,1,18,1583,4,4,46,2,1
437,1,V2,V1,V2,V4,V1,V3,V2,V2,D,D,C,A,,T,1,1,1,18,,8,936,86042,1,18,1474,3,4,39,1,1
438,1,V1,V1,V2,V4,V4,V4,V3,V1,A,A,A,B,,T,1,1,1,18,,10,610,44644,1,18,1941,3,4,36,1,2
439,0,V1,V2,V4,V4,V2,V3,V1,V1,B,B,A,A,,T,0,1,1,6,,19,612,109912,2,6,434,4,2,24,1,1
440,1,V3,V1,V1,V0,V3,V3,V2,V3,D,A,A,B,,T,0,1,1,48,,7,1566,127848,2,48,7239,3,3,32,2,1
441,1,V2,V4,V1,V3,V4,V4,V2,V2,D,A,C,D,,T,1,1,1,12,,7,1136,123633,1,12,2860,4,4,38,1,1
442,1,V2,V6,V2,V1,V1,V3,V2,V2,D,D,C,B,,T,1,2,1,12,,6,531,65944,1,12,1077,2,2,26,1,1
443,0,V2,V3,V2,V1,V3,V4,V2,V2,D,B,C,C,,T,1,1,1,36,,13,636,115869,1,36,3350,4,2,28,1,1
444,1,V2,V5,V3,V1,V3,V3,V2,V2,D,A,C,A,,T,0,1,1,39,,15,823,108974,1,39,2570,4,4,24,1,1
445,1,V2,V3,V2,V4,V1,V2,V1,V2,D,B,C,D,,T,0,1,1,4,,10,1087,144342,2,4,602,1,3,23,1,1
446,1,V4,V3,V1,V0,V4,V3,V1,V4,C,A,C,C,,T,0,1,1,24,,8,756,107371,1,24,3618,4,4,20,2,2
447,0,V1,V3,V2,V2,V3,V3,V2,V1,A,A,A,B,,T,0,1,1,24,,8,1104,100908,1,24,3553,3,4,27,1,1
448,1,V4,V5,V2,V2,V3,V3,V2,V4,D,A,C,D,,T,1,1,1,24,,14,591,74065,1,24,2347,4,3,35,2,1
449,0,V2,V4,V1,V1,V3,V3,V2,V2,A,D,C,D,,T,0,1,1,12,,8,846,67200,1,12,901,4,2,23,1,1
450,1,V4,V1,V1,V1,V1,V3,V2,V4,D,A,C,A,X,T,0,1,1,9,,13,1531,131601,2,9,3075,1,2,33,2,1
451,1,V4,V4,V4,V0,V1,V3,V2,V4,D,A,C,C,,T,1,1,1,24,,7,972,97725,1,24,1941,4,4,60,1,1
452,1,V2,V1,V2,V1,V1,V3,V2,V2,D,A,A,A,,T,0,1,1,12,,10,275,70622,1,12,708,4,2,30,2,1
453,1,V2,V5,V2,V1,V4,V3,V2,V2,A,A,A,B,,T,1,1,1,24,,17,972,133327,2,24,2925,3,4,63,1,3
454,1,V3,V1,V2,V1,V1,V3,V1,V3,B,D,C,C,,T,0,1,1,12,,7,1697,85399,1,12,586,4,4,20,2,2
455,0,V2,V5,V1,V0,V2,V3,V3,V2,A,A,C,A,,T,1,1,1,18,,10,1349,136207,2,18,7512,1,4,51,1,1
456,0,V4,V3,V2,V2,V2,V3,V2,V4,B,A,C,A,,T,0,1,1,30,,13,1454,75605,1,30,8387,2,2,49,1,1
457,1,V2,V4,V2,V4,V1,V3,V2,V2,A,A,C,A,,T,0,1,1,15,,9,514,148152,1,15,1722,2,3,36,1,1
458,1,V4,V3,V2,V0,V3,V3,V2,V4,D,A,C,B,,T,1,1,1,24,,8,618,126266,1,24,5151,4,4,33,1,1
459,1,V4,V5,V2,V0,V2,V3,V2,V4,A,A,C,D,,T,1,1,1,24,,9,954,117778,1,24,2958,4,4,63,2,1
460,1,V2,V4,V2,V4,V1,V3,V2,V2,D,D,C,D,,T,0,1,1,24,,6,1184,167665,1,24,1250,4,2,28,1,1
461,1,V2,V2,V2,V2,V2,V4,V2,V2,B,B,C,D,,T,1,1,1,9,,13,1151,90441,1,9,1200,4,4,67,2,1
462,1,V2,V3,V2,V1,V2,V2,V2,V2,A,A,C,D,Y,T,0,1,1,12,,16,605,66610,2,12,3591,2,2,29,1,2
463,1,V2,V4,V4,V0,V1,V3,V2,V2,B,A,C,B,,T,1,1,1,12,,13,1249,123253,1,12,1319,4,4,54,1,1
464,1,V2,V3,V1,V0,V2,V2,V2,V2,A,C,C,A,,T,1,1,1,12,,7,1148,141711,1,12,1263,2,4,49,1,1
465,1,V2,V3,V1,V2,V1,V2,V1,V2,D,B,A,D,,T,0,1,1,15,,13,937,114635,1,15,2187,1,4,33,1,1
466,1,V4,V3,V2,V0,V3,V3,V2,V4,A,A,C,B,,T,1,1,1,15,,13,813,150380,2,15,1479,4,4,44,2,1
467,1,V2,V3,V2,V4,V2,V3,V2,V2,C,B,C,B,,T,0,1,1,10,3,9,1000,151218,1,10,1276,4,2,23,1,1
468,1,V4,V4,V2,V0,V1,V2,V2,V4,A,A,C,D,,T,0,1,1,8,,10,1182,54447,1,8,732,4,4,47,2,1
469,1,V4,V1,V5,V1,V2,V3,V2,V4,D,B,C,A,,T,0,1,1,6,,15,1041,190616,1,6,1238,1,1,27,2,1
470,1,V4,V5,V2,V2,V3,V3,V2,V4,D,A,C,A,,T,0,1,1,18,,18,885,126622,1,18,3851,3,1,27,2,1
471,1,V2,V1,V2,V1,V3,V3,V2,V2,B,B,C,B,,T,1,1,1,12,,10,1171,152482,1,12,1568,1,1,22,1,1
472,0,V2,V4,V2,V4,V3,V2,V2,V2,B,B,C,C,,T,1,1,1,24,,19,723,101106,1,24,1356,3,4,25,1,1
473,1,V2,V4,V1,V2,V2,V3,V2,V2,,A,C,A,,T,0,2,1,18,,14,1039,140362,1,18,2663,4,3,32,1,1
474,1,V4,V8,V5,V0,V1,V3,V2,V4,A,A,C,D,,T,0,2,1,9,,14,1498,63609,2,9,1289,3,4,48,2,3
475,1,V2,V5,V4,V1,V3,V3,V1,V2,D,B,C,A,,T,1,1,1,24,,3,302,142992,1,24,2604,2,4,28,1,1
476,1,V2,V1,V3,V4,V1,V3,V1,V2,B,D,C,A,,T,0,1,1,18,,4,745,129169,1,18,3214,1,3,25,1,1
477,1,V4,V1,V2,V1,V3,V3,V2,V4,D,A,C,A,,T,0,1,1,18,,5,-101,108119,1,18,1801,4,2,24,2,1
478,1,V2,V1,V2,V1,V1,V2,V2,V2,B,A,C,B,,T,0,1,1,9,,11,1268,124361,2,9,2119,2,2,37,1,1
479,0,V2,V3,V5,V1,V3,V3,V1,V2,B,B,C,D,,T,0,1,1,30,,5,1444,103732,1,30,3442,2,4,21,1,2
480,0,V4,V4,V2,V0,V1,V3,V1,V4,A,B,A,C,,T,1,1,1,18,,10,1115,173427,1,18,3967,1,4,33,3,1
481,1,V2,V4,V5,V1,V1,V3,V1,V2,D,A,C,C,,T,0,2,1,9,,10,791,11402,2,9,3578,1,2,26,1,3
482,1,V4,V9,V2,V3,V4,V4,V2,V4,D,A,A,D,,T,1,1,1,24,,6,1602,116289,1,24,6315,4,2,27,2,2
483,1,V2,V4,V2,V1,V2,V2,V2,V2,D,A,C,A,,T,0,1,1,24,,7,1464,83585,2,24,7394,1,4,43,1,1
484,1,V4,V5,V2,V0,V3,V4,V2,V4,D,A,C,D,,T,1,1,1,21,,15,1246,88062,1,21,,1,4,36,1,1
485,1,V2,V1,V1,V2,V3,V2,V1,V2,A,D,C,A,,T,0,1,1,18,,18,1386,110139,1,18,1937,2,4,23,2,1
486,0,V4,V4,V1,V2,V1,V2,V2,V4,C,A,A,A,,T,0,1,1,24,,8,1395,116488,2,24,1345,4,2,37,2,1
487,1,V2,V3,V4,V1,V3,V3,V2,V2,A,A,C,A,,T,0,1,1,18,,14,1578,63674,1,18,2660,4,2,28,1,1
488,1,V2,V2,,V2,V3,V3,V2,V2,B,A,C,A,,T,0,1,1,36,,12,818,136200,2,36,2274,3,1,32,2,1
489,0,V0,V6,,V3,V2,V3,V2,V0,A,A,B,A,,T,1,1,1,27,,13,667,116495,1,27,5294,2,4,50,2,1
490,1,V2,V3,V2,V1,V1,V3,V1,V2,D,B,C,C,,T,0,1,1,9,87,17,1717,88400,1,9,1389,4,2,26,1,1
491,1,V2,V1,V2,V1,V3,V2,V1,V2,C,B,C,B,,T,1,1,1,12,,14,987,89894,1,12,1882,2,2,44,1,1
492,0,V2,V2,V2,V1,V3,V2,V1,V2,A,A,C,A,,T,0,1,1,12,,8,1086,94616,2,12,685,4,4,40,1,1
493,1,V2,V2,V2,V0,V2,V3,V2,V2,D,A,A,A,,T,1,1,1,12,,9,678,85009,2,12,1394,4,4,47,3,1
494,1,V3,V6,V1,V1,V2,V4,V2,V3,B,A,A,A,,T,1,1,1,24,,5,579,90467,1,24,4713,4,2,37,2,1
495,0,V3,V8,V4,V0,V4,V3,V3,V3,D,A,C,B,,T,0,1,1,12,,16,988,158507,2,12,1556,4,4,55,2,1
496,1,V2,V1,V1,V0,V3,V3,V2,V2,D,A,C,D,,T,1,1,1,30,,13,610,48698,1,30,1868,4,4,58,1,1
497,1,V4,V7,V2,V2,V2,V3,V2,V4,B,A,C,C,,T,0,1,1,12,,5,1276,79881,1,12,1425,4,3,26,1,1
498,1,V4,V2,V2,V1,V4,V3,V3,V4,D,A,A,C,Y,T,1,1,1,48,,17,1034,49484,1,48,6111,1,3,31,1,1
499,1,V4,V5,V2,V0,V1,V3,V2,V4,A,A,C,C,,T,0,1,1,12,,17,346,159171,1,12,1410,4,3,54,1,1
500,1,V2,V1,V2,V4,V3,V3,V2,V2,D,B,C,D,,T,0,1,1,12,,15,1231,45687,2,12,1494,4,3,34,1,1
501,1,V0,V1,V2,V0,V3,V2,V2,V0,D,D,C,C,,T,0,1,1,6,,9,1167,102856,1,6,427,4,4,39,1,1
502,0,V2,V4,V2,V2,V3,V3,V1,V2,A,B,C,B,,T,0,1,1,24,,7,1080,119586,1,24,1443,4,4,23,2,1
503,0,V2,V6,V2,V4,V2,V3,V1,V2,A,B,C,C,,T,0,1,1,48,,9,1052,100229,1,48,4309,3,4,24,1,1
504,0,V2,V4,V2,V1,V1,V3,V1,V2,D,B,C,C,,T,0,1,1,27,,3,1482,150295,1,27,2571,3,3,21,1,1
505,0,V4,V4,V2,V2,V2,V3,V2,V4,D,A,A,B,,T,0,1,1,18,,10,809,118284,1,18,2776,2,2,31,2,1
506,1,V0,V6,V2,V2,V2,V3,V2,V0,A,A,A,A,,T,1,1,1,18,,14,62,29400,1,18,3105,3,1,31,1,1
507,1,V2,V6,V4,V1,V2,V2,V2,V2,B,A,C,C,,T,1,1,1,18,,14,1893,112279,1,18,1942,4,2,35,1,1
508,1,V2,V6,V2,V0,V1,V4,V2,V2,B,A,A,C,,T,1,1,1,18,,15,1054,105774,1,18,4440,1,1,33,1,2
509,1,V2,V5,V1,V4,V3,V3,V1,V2,D,B,C,B,,T,0,1,1,12,22,18,1300,124632,1,12,4676,1,4,20,1,1
510,1,V4,V1,V1,V0,V2,V2,V1,V4,D,A,C,B,,T,1,1,1,7,,12,1270,226066,1,7,731,4,2,46,2,1
511,1,V2,V1,V1,V2,V3,V3,V2,V2,B,A,C,B,,T,1,1,1,48,,6,-87,142459,2,48,3980,4,1,41,2,1
512,1,V4,V1,V1,V2,V2,V3,V2,V4,C,A,C,D,,T,1,1,1,10,,9,596,105650,1,10,1348,4,2,27,2,1
513,0,V4,V9,V2,V1,V3,V4,V2,V4,B,A,C,A,,T,1,1,1,24,,11,1384,104187,2,24,11939,2,3,39,2,2
514,0,V2,V6,V2,V1,V3,V3,V2,V2,B,A,C,A,,T,1,1,1,48,,9,1186,28295,1,48,15673,2,2,23,1,1
515,1,V3,V5,V2,V4,V2,V2,V2,V3,D,B,C,D,,T,0,1,1,15,,7,959,114578,1,15,3595,1,2,46,2,1
516,1,V2,V9,V1,V3,V4,V1,V3,V2,B,A,A,A,Y,T,1,1,1,48,,6,1175,66515,1,48,5382,3,4,40,1,1
517,1,V2,V2,V1,V1,V2,V3,V1,V2,A,B,A,C,,T,1,1,1,12,,15,1080,124911,1,12,1201,4,4,23,1,1
518,1,V2,V3,V2,V1,V1,V3,V2,V2,C,A,C,A,,T,0,1,1,24,,9,609,146502,1,24,1926,2,2,26,1,1
519,0,V2,V4,V2,V1,V3,V2,V2,V2,A,A,C,B,,T,0,1,1,9,,12,905,126955,1,9,655,4,3,28,1,1
520,1,V4,V1,V1,V0,V1,V3,V2,V4,D,B,C,A,,T,1,1,1,12,9,12,1270,97165,1,12,1241,4,2,38,2,1
521,0,V4,V3,V2,V1,V1,V4,V1,V4,A,C,C,D,,T,1,1,1,6,,10,1079,123189,1,6,3385,1,4,44,1,1
522,0,V3,V1,V2,V1,V3,V4,V2,V3,D,A,C,C,,T,1,1,1,36,,4,1128,154061,1,36,4464,4,2,26,2,1
523,1,V2,V3,V2,V4,V2,V4,V2,V2,C,B,A,A,,T,1,1,1,12,,11,689,149169,1,12,1475,4,1,33,1,1
524,1,V2,V1,V2,V4,V2,V4,V1,V2,A,B,C,A,X,T,1,1,1,21,,10,1014,111173,1,21,2607,4,4,28,1,1
525,1,V4,V1,V1,V1,V1,V2,V2,V4,D,A,C,D,,T,0,1,1,6,,12,1245,117038,2,6,1899,1,2,34,2,1
526,1,V4,V5,V2,V2,V3,V4,V2,V4,D,A,C,B,,T,1,1,1,33,,9,275,129147,1,33,7254,3,2,35,2,1
527,1,V3,V4,V1,V1,V3,V3,V1,V3,B,B,C,C,,T,1,1,1,24,,5,565,54829,1,24,1966,4,4,42,2,1
528,0,V1,V4,V2,V0,V4,V4,V2,V1,D,A,A,A,,T,1,1,1,18,,4,1389,62270,2,18,6459,2,4,39,2,1
529,1,V2,V4,V1,V2,V1,V2,V2,V2,A,A,C,A,,T,0,2,1,21,,4,1179,-16898,1,21,3764,2,2,24,1,2
530,1,V2,V1,V2,V4,V3,V3,V2,V2,D,B,A,A,,T,0,1,1,12,,10,1421,86415,1,12,2172,2,2,29,1,1
531,1,V4,V1,V2,V2,V3,V3,V1,V4,D,B,C,A,,T,1,1,1,6,,4,543,179579,1,6,1555,1,2,24,2,1
532,1,V2,V6,V4,V0,V1,V3,V2,V2,D,C,C,A,,T,1,1,1,11,,8,1456,24510,1,11,2143,1,2,28,1,1
533,1,V2,V1,V2,V4,V1,V3,V2,V2,D,A,C,B,Y,T,0,1,1,18,,14,1089,-3476,1,18,2052,4,1,33,1,1
534,0,V2,V10,V2,V2,V2,V3,V1,V2,A,D,C,D,,T,0,1,1,12,,19,653,153454,1,12,903,4,4,21,1,1
535,1,V2,V1,V2,V1,V3,V3,V2,V2,C,D,C,C,,T,0,1,1,12,,2,648,101958,1,12,3017,3,1,24,1,1
536,0,V3,V3,V2,V2,V1,V3,V2,V3,D,B,C,D,,T,0,1,1,18,,7,1494,122666,1,18,1809,4,1,22,1,1
537,1,V2,V1,V1,V0,V3,V3,V2,V2,B,B,C,C,,T,0,1,1,30,,10,1027,79380,1,30,2992,2,4,25,1,1
538,1,V2,V1,V5,V0,V1,V3,V2,V2,C,C,C,A,,T,0,1,1,9,,13,892,146343,1,9,1127,2,4,49,1,1
539,0,V2,V4,V5,V4,V2,V2,V2,V2,B,B,A,D,,T,0,1,1,12,,11,961,174872,1,12,837,4,2,23,1,1
540,1,V4,V2,V1,V4,V2,V2,V2,V4,D,A,C,B,,T,0,1,1,12,,9,1400,116628,2,12,3566,2,1,37,2,1
541,1,V2,V1,V5,V2,V2,V3,V2,V2,D,D,C,B,,T,1,1,1,24,,13,855,65217,1,24,1312,4,3,26,1,1
542,1,V2,V1,V2,V2,V1,V2,V2,V2,B,D,A,C,,T,0,1,1,6,,14,553,153973,1,6,485,3,3,28,1,3
543,1,V4,V4,V2,V1,V1,V2,V1,V4,A,A,C,D,,T,0,2,1,12,,17,550,133812,2,12,2123,3,2,39,2,1
544,1,V2,V6,V5,V1,V3,V3,V2,V2,B,A,C,B,,T,0,1,1,18,93,6,839,103707,1,18,2623,4,4,34,1,1
545,1,V2,V3,V2,V2,V2,V3,V1,V2,D,B,C,B,,T,1,1,1,24,,10,810,74680,1,24,3973,2,4,25,1,1
546,0,V2,V3,V2,V1,V3,V3,V2,V2,A,A,C,C,,T,0,1,1,18,,12,1382,157440,1,18,4154,2,3,42,1,2
547,0,V2,V1,V2,V1,V3,V3,V2,V2,A,B,C,A,X,T,1,1,1,48,,10,851,132468,1,48,6759,3,2,31,1,1
548,0,V4,V2,V4,V0,V4,V3,V3,V4,B,A,C,D,,T,0,1,1,9,,6,1224,83540,2,9,1137,4,3,32,2,1
549,1,V2,V2,V3,V0,V4,V3,V3,V2,D,A,C,B,,T,1,1,1,10,,9,957,152258,1,10,728,4,4,46,1,1
550,1,V2,V4,V2,V2,V2,V3,V1,V2,B,A,C,A,,T,1,1,1,12,,2,1146,61017,2,12,2003,3,4,30,1,1
551,1,V4,V4,V5,V4,V3,V3,V2,V4,B,A,C,D,,T,0,1,1,12,,9,1618,106264,1,12,1996,4,1,27,1,1
552,1,V3,V1,V2,V1,V1,V3,V2,V3,D,B,C,A,,T,0,1,1,36,,10,811,117143,1,36,4455,4,4,34,2,1
553,1,V2,V6,V2,V2,V3,V3,V2,V2,D,A,B,B,,T,1,1,1,18,,12,865,62552,1,18,1951,4,1,34,2,1
554,0,V2,V5,V2,V0,V4,V3,V3,V2,A,A,C,C,,T,1,1,1,12,,10,1268,41924,1,12,3387,3,4,35,1,1
555,0,V2,V5,V2,V2,V4,V3,V3,V2,A,A,B,D,,T,1,1,1,48,,9,568,107186,2,48,10298,4,4,39,3,1
556,1,V2,V4,V2,V2,V4,V4,V3,V2,A,A,A,A,,T,1,1,1,36,,11,1619,76402,2,36,3250,2,4,39,1,1
557,0,V2,V3,V2,V1,V3,V3,V2,V2,A,A,C,A,,T,0,1,1,18,,5,1015,96206,1,18,2463,2,2,22,1,1
558,1,V2,V3,V2,V1,V1,V2,V1,V2,A,C,C,B,Y,T,0,1,1,24,,8,1406,109687,1,24,3022,2,2,24,1,1
559,0,V3,V4,V2,V3,V2,V4,V2,V3,B,A,C,D,X,T,1,1,1,6,85,17,684,102364,1,6,1210,4,4,47,1,1
560,0,V2,V4,V2,V0,V1,V3,V1,V2,B,C,C,C,X,T,0,1,1,12,26,9,997,69105,1,12,1224,1,1,46,2,1
561,0,V2,V1,V2,V2,V1,V3,V2,V2,A,D,C,D,,T,1,1,1,48,,9,1012,131185,1,48,7000,1,1,34,2,3
562,0,V4,V4,V2,V0,V2,V3,V2,V4,A,A,C,B,,T,0,1,1,12,,5,1561,159888,1,12,692,4,3,35,2,1
563,1,V1,V5,V2,V3,V4,V4,V3,V1,B,A,A,D,,T,1,1,1,42,,14,899,126721,1,42,9284,1,2,55,1,1
564,1,V4,V6,V5,V2,V1,V3,V2,V4,A,A,C,C,,T,1,1,1,24,,10,1136,96462,1,24,1383,4,1,26,2,1
565,1,V4,V4,V4,V2,V1,V2,V2,V4,A,B,C,A,,T,1,1,1,6,,8,845,96551,1,6,667,3,4,39,2,1
566,0,V1,V6,V2,V4,V1,V1,V2,V1,C,B,C,B,,T,0,1,1,12,,8,1150,66802,1,12,610,4,1,26,1,1
567,1,V2,V1,V3,V1,V1,V3,V1,V2,A,A,C,B,,T,0,1,1,6,,9,433,55696,2,6,2648,2,3,44,1,1
568,0,V2,V4,V2,V4,V3,V3,V2,V2,A,B,C,A,,T,1,1,1,36,,14,715,87164,1,36,1843,4,4,34,1,1
569,0,V0,V1,V2,V1,V3,V3,V2,V0,B,B,C,D,Y,T,1,1,1,36,,12,571,167625,1,36,3805,4,1,42,1,1
570,0,V2,V4,V2,V2,V4,V3,V3,V2,A,A,C,B,,T,0,1,1,48,,10,594,119465,2,48,3932,4,4,46,1,1
571,1,V4,V3,V2,V2,V3,V3,V2,V4,D,B,A,B,,T,0,1,1,15,,12,825,139850,1,15,2789,2,3,24,2,2
572,1,V2,V10,V1,V3,V2,V4,V2,V2,D,A,C,B,,T,1,1,1,6,,9,1142,81333,2,6,1239,4,4,36,1,1
573,0,V2,V1,V5,V1,V4,V3,V3,V2,B,B,C,C,,T,0,1,1,36,,9,455,28792,1,36,2672,4,4,50,1,2
574,1,V2,V6,V2,V2,V3,V3,V2,V2,D,B,C,A,,T,0,1,1,9,,8,1010,75559,1,9,1450,3,2,27,2,1
575,1,V2,V3,V2,V1,V1,V3,V2,V2,D,B,C,A,,T,1,1,1,12,,6,341,84416,1,12,764,4,1,26,1,1
576,0,V2,V6,V5,V0,V3,V2,V1,V2,B,C,A,A,,T,0,1,1,21,,11,267,114489,1,21,2768,4,2,61,2,1
577,0,V4,V2,V5,V1,V1,V3,V2,V4,D,B,C,A,,T,0,1,1,18,27,5,773,35570,1,18,1865,4,2,30,2,1
578,1,V3,V3,V2,V0,V2,V2,V2,V3,A,B,C,D,,T,0,1,1,15,,7,954,138897,1,15,3644,1,4,27,2,1
579,1,V2,V3,V3,V1,V3,V3,V2,V2,D,A,C,C,Y,T,1,1,1,6,,16,1034,100404,1,6,2979,1,2,32,1,1
580,1,V4,V5,V4,V0,V3,V4,V2,V4,D,A,C,A,X,T,1,1,1,36,55,8,481,137423,1,36,5712,4,2,38,2,1
581,0,V0,V3,V2,V4,V2,V3,V1,V0,A,B,C,B,,T,0,1,1,18,,4,1605,95103,1,18,3115,1,4,26,1,1
582,0,V3,V8,V4,V1,V2,V3,V2,V3,B,D,B,A,,T,0,1,1,15,,6,563,105227,1,15,1513,3,3,61,2,1
583,1,V4,V1,V2,V2,V1,V2,V2,V4,D,A,C,A,,T,0,1,1,4,,7,1088,110526,2,4,1545,2,1,42,3,1
584,0,V2,V4,V1,V1,V1,V3,V1,V2,A,B,C,C,,T,0,1,1,24,,9,724,136131,1,24,1372,4,4,25,1,1
585,0,V3,V3,V2,V0,V4,V4,V2,V3,B,C,C,B,,T,1,1,1,18,,9,1236,142352,1,18,4298,4,3,40,1,1
586,1,V3,V1,V1,V0,V4,V3,V3,V3,D,A,C,D,,T,0,1,1,7,,13,888,58943,1,7,847,3,4,36,1,1
587,0,V2,V3,V5,V3,V2,V3,V2,V2,A,C,C,C,,T,0,1,1,24,,9,1085,86168,1,24,2360,1,1,33,1,1
588,0,V3,V3,V2,V3,V2,V4,V2,V3,B,B,C,B,,T,1,1,1,24,,7,1191,57790,1,24,2065,3,2,34,1,1
589,1,V4,V3,V2,V4,V2,V3,V1,V4,A,B,C,B,,T,0,1,1,18,,6,827,86302,1,18,1050,4,4,21,1,1
590,1,V4,V3,V4,V2,V3,V3,V2,V4,B,A,C,A,,T,1,1,1,21,,12,950,123538,1,21,2746,3,2,32,2,1
591,0,V2,V4,V5,V0,V4,V2,V3,V2,C,B,C,A,,T,0,1,1,10,,14,1126,92407,2,10,1241,1,4,48,1,1
592,1,V4,V4,V2,V4,V1,V2,V2,V4,B,A,A,A,,T,0,1,1,12,,8,585,77324,2,12,3125,1,3,49,2,1
593,0,V2,V4,V1,V1,V3,V3,V1,V2,D,A,C,A,X,T,0,1,1,18,,7,966,147064,1,18,6762,2,4,68,2,1
594,1,V2,V4,V4,V1,V2,V3,V2,V2,A,A,C,C,,T,0,1,1,12,,14,752,148674,2,12,3652,1,3,31,1,1
595,1,V2,V8,V5,V1,V1,V2,V2,V2,B,B,C,A,Y,T,0,1,1,15,,8,977,61914,1,15,2632,3,2,25,1,1
596,1,V2,V1,V3,V0,V2,V3,V2,V2,D,A,B,C,,T,1,1,1,15,,8,995,64799,1,15,1214,4,3,47,1,1
597,1,V2,V6,V2,V2,V3,V3,V2,V2,D,A,C,A,,T,1,1,1,12,,9,481,163268,1,12,1543,2,4,36,1,1
598,1,V3,V6,V2,V2,V3,V3,V2,V3,D,A,C,A,,T,0,1,1,27,,11,722,204046,1,27,5118,3,4,26,2,1
599,1,V3,V6,V1,V1,V1,V3,V2,V3,D,A,C,C,,T,1,1,1,24,,10,461,152624,2,24,2979,4,4,32,2,1
600,1,V2,V4,V3,V0,V4,V3,V3,V2,D,B,C,D,,T,0,1,1,15,,20,1006,108269,1,15,5325,1,4,35,1,1
601,0,V2,V3,V2,V1,V2,V2,V2,V2,B,A,C,D,,T,0,1,1,12,,6,1210,84843,1,12,1923,4,2,37,1,1
602,1,V4,V5,V1,V3,V4,V4,V2,V4,D,A,C,D,,T,1,1,1,18,,15,745,101144,1,18,3230,2,4,38,1,1
603,1,V2,V1,V2,V0,V3,V3,V2,V2,D,A,C,C,,T,0,1,1,36,,10,802,68516,1,36,3596,4,2,28,1,1
604,0,V1,V1,V2,V1,V4,V3,V3,V1,A,C,C,B,,T,0,1,1,12,,9,788,110425,1,12,2150,4,1,29,1,1
605,0,V2,V4,V2,V2,V1,V3,V2,V2,A,A,C,C,,T,0,1,1,12,,5,750,101221,1,12,760,4,2,26,1,1
606,1,V2,V3,V2,V1,V1,V3,V2,V2,C,A,C,A,,T,1,1,1,6,49,11,1452,117432,1,6,2117,2,2,41,1,1
607,1,V2,V1,V2,V2,V1,V3,V2,V2,A,B,C,A,,T,0,1,1,18,,11,752,66162,1,18,3510,4,1,25,1,3
608,1,V2,V3,V2,V2,V1,V3,V1,V2,B,B,C,B,,T,0,1,1,18,,10,285,75025,1,18,3002,2,4,40,1,1
609,1,V1,V10,V3,V1,V1,V2,V2,V1,D,B,C,C,,T,0,1,1,12,,10,1352,141782,2,12,3448,4,3,35,1,1
610,1,V2,V5,V1,V4,V1,V3,V1,V2,D,B,C,B,,T,0,1,1,10,,14,374,138582,1,10,2902,1,4,31,1,1
611,1,V2,V5,V1,V0,V3,V4,V2,V2,D,A,C,D,,T,1,1,1,24,,11,366,118075,2,24,6314,3,4,41,1,1
612,1,V3,V1,V2,V1,V1,V3,V2,V3,D,B,C,C,X,T,0,1,1,6,,8,563,124565,1,6,933,3,2,24,1,1
613,1,V2,V5,V1,V1,V3,V3,V2,V2,B,A,C,A,,T,0,1,1,12,,13,451,19388,1,12,2029,4,2,30,1,1
614,1,V2,V3,V2,V1,V1,V3,V2,V2,D,A,C,C,,T,0,1,1,12,,3,1450,31184,1,12,1575,4,2,50,1,1
615,0,V2,V1,V5,V4,V3,V3,V1,V2,B,D,C,A,,T,1,1,1,24,,14,1521,122580,1,24,3093,3,2,22,1,1
616,0,V2,V3,V2,V2,V1,V3,V1,V2,A,B,C,A,,T,0,1,1,30,,16,1310,44364,1,30,2407,4,4,23,1,1
617,1,V2,V1,V1,V0,V3,V3,V2,V2,D,A,C,A,,T,0,1,1,15,,12,724,75357,1,15,1980,4,2,35,1,1
618,1,V0,V3,V2,V0,V2,V3,V2,V0,D,A,C,B,,T,0,1,1,12,,13,1312,124849,1,12,2760,2,4,34,2,1
619,1,V2,V9,V2,V3,V3,V4,V2,V2,A,C,C,A,,T,0,1,1,36,,7,1417,98241,1,36,15858,2,3,43,1,2
620,1,V2,V1,V2,V2,V3,V3,V1,V2,B,A,C,B,,T,0,1,1,36,,6,1417,135852,1,36,2324,4,4,24,1,1
621,1,V3,V9,V5,V3,V4,V4,V3,V3,B,A,C,C,,T,1,1,1,48,,9,1112,54517,1,48,7583,2,4,31,1,1
622,1,V2,V3,V2,V2,V1,V2,V2,V2,D,B,C,D,,T,0,1,1,12,,13,865,157563,1,12,1737,3,4,31,1,1
623,0,V2,V1,V2,V1,V1,V3,V2,V2,C,A,B,A,,T,0,1,1,18,,8,794,70915,1,18,2101,4,2,37,1,2
624,1,V2,V4,V5,V1,V1,V2,V1,V2,D,A,C,D,Y,T,0,2,1,10,,11,1417,104371,1,10,1419,3,2,35,1,1
625,1,V4,V3,V1,V4,V1,V3,V1,V4,A,B,C,A,,T,0,2,1,10,,9,987,91952,1,10,2133,2,3,27,2,2
626,1,V2,V5,V1,V0,V4,V3,V3,V2,D,A,A,B,,T,0,1,1,15,85,12,378,139677,2,15,1301,4,4,45,1,1
627,0,V0,V6,V2,V0,V4,V4,V3,V0,B,B,C,D,,T,1,1,1,27,,9,1163,135878,1,27,8319,2,4,42,2,1
628,1,V4,V6,V1,V2,V4,V3,V2,V4,B,A,C,D,,T,1,1,1,24,,11,1018,121479,2,24,2826,4,3,34,2,1
629,0,V3,V6,V3,V4,V1,V2,V2,V3,D,A,A,B,,T,0,1,1,21,,19,877,94645,2,21,2581,4,2,41,1,1
630,0,V4,V3,V2,V0,V2,V3,V2,V4,A,A,C,D,,T,0,1,1,12,,11,341,24521,1,12,2247,3,3,60,2,1
631,1,V4,V5,V2,V0,V4,V4,V3,V4,A,A,C,C,,T,1,1,1,30,,11,616,99961,2,30,10624,3,4,38,3,1
632,1,V2,V1,V1,V1,V3,V3,V2,V2,B,B,C,B,,T,0,1,1,30,,8,1280,104235,1,30,1716,4,1,26,1,1
633,1,V4,V1,V1,V0,V1,V3,V2,V4,D,A,C,D,,T,1,1,1,12,,9,708,65694,1,12,2332,1,4,49,1,2
634,1,V4,V1,V2,V1,V4,V3,V3,V4,D,A,C,C,,T,1,1,1,15,,6,804,206445,1,15,1472,4,4,35,2,1
635,1,V4,V4,V2,V1,V1,V3,V1,V4,A,A,C,C,,T,0,1,1,6,,8,440,116022,2,6,3677,1,3,37,3,1
636,1,V2,V4,V2,V1,V3,V3,V2,V2,D,B,C,A,,T,1,1,1,10,,17,436,68832,1,10,1365,2,4,64,1,1
637,1,V2,V3,V2,V1,V3,V2,V2,V2,C,B,C,C,,T,0,1,1,12,,10,499,-19149,1,12,2252,1,2,46,1,1
638,1,V4,V3,V3,V1,V1,V3,V2,V4,D,A,C,A,,T,1,1,1,42,,21,678,125331,1,42,4043,4,4,36,2,1
639,1,V4,V3,V4,V2,V2,V3,V2,V4,D,B,C,C,,T,0,2,1,12,,9,764,95701,1,12,1593,3,2,35,1,1
640,1,V4,V5,V2,V3,V4,V4,V3,V4,A,A,C,A,,T,1,1,1,24,,8,984,37848,1,24,6616,2,4,75,2,1
641,1,V2,V1,V2,V1,V3,V3,V2,V2,D,A,C,C,,T,0,1,1,12,,10,958,47810,1,12,1263,3,2,25,1,1
642,0,V2,V8,V2,V4,V4,V2,V1,V2,B,A,C,D,,T,0,1,1,36,,10,736,65584,1,36,2385,4,1,33,1,1
643,1,V2,V3,V2,V1,V2,V2,V2,V2,A,A,C,B,,T,0,1,1,12,34,15,1399,72491,2,12,709,2,3,38,1,3
644,0,V2,V1,V2,V4,V3,V3,V2,V2,B,A,B,A,,T,0,1,1,12,,9,1615,97693,1,12,1332,2,1,22,1,1
645,1,V2,V3,V4,V4,V1,V3,V2,V2,B,B,C,C,,T,0,1,1,11,,5,1516,161662,1,11,1578,4,1,20,1,1
646,0,V4,V1,V2,V4,V2,V2,V2,V4,B,A,C,C,,T,0,1,1,45,,15,1345,131412,1,45,4747,4,2,25,2,1
647,0,V2,V1,V2,V4,V2,V3,V2,V2,B,D,C,A,,T,1,1,1,24,,10,1435,132169,1,24,2040,1,1,22,1,1
648,1,V4,V5,V1,V1,V3,V4,V2,V4,D,A,C,C,,T,1,1,1,36,,11,733,103502,1,36,11055,4,2,30,1,1
649,1,V4,V8,V2,V1,V1,V3,V2,V4,D,C,C,C,,T,1,1,1,24,,7,600,164815,1,24,2059,4,2,33,2,1
650,1,V2,V1,V3,V0,V3,V4,V2,V2,D,C,C,B,,T,1,1,1,24,,9,1088,113503,1,24,,3,2,26,1,1
651,1,V3,V1,V1,V1,V1,V2,V2,V3,B,A,C,B,,T,0,1,1,60,49,12,947,118608,1,60,7419,1,1,27,1,1
652,1,V2,V1,V2,V4,V1,V2,V2,V2,B,D,A,C,,T,0,1,1,12,,9,487,164462,1,12,626,4,1,26,1,3
653,1,V4,V4,V1,V0,V1,V3,V2,V4,B,A,C,B,,T,0,1,1,30,,5,732,83497,1,30,2182,4,4,36,2,1
654,1,V2,V1,V2,V0,V1,V2,V1,V2,A,A,A,C,,T,0,1,1,24,,6,747,129770,1,24,2385,4,4,64,1,1
655,0,V2,V4,V2,V2,V4,V4,V2,V2,B,A,C,D,,T,1,1,1,60,,12,982,107350,1,60,14028,4,2,27,1,1
656,1,V2,V1,V2,V1,V3,V3,V2,V2,A,B,C,A,,T,0,1,1,24,,13,764,141265,1,24,3661,2,4,28,1,1
657,1,V2,V1,V5,V3,V1,V3,V2,V2,D,B,C,A,,T,0,1,1,13,,7,1526,77585,1,13,1410,2,4,64,1,1
658,0,V2,V1,V2,V2,V3,V3,V2,V2,D,A,C,A,,T,0,1,1,9,,5,1707,139350,1,9,1479,4,2,22,1,1
659,1,V3,V6,V3,V1,V3,V3,V2,V3,D,A,C,B,,T,1,1,1,24,,10,995,58891,2,24,2376,4,2,44,2,1
660,0,V2,V4,V2,V4,V4,V4,V3,V2,A,A,C,A,,T,1,1,1,9,,16,1225,102226,1,9,1423,3,2,27,1,1
661,0,V2,V1,V2,V4,V1,V2,V2,V2,C,B,C,B,,T,0,1,1,15,,10,1646,110523,1,15,2328,2,3,25,1,1
662,1,V4,V1,V2,V1,V1,V2,V2,V4,D,A,C,B,,T,0,1,1,24,,9,1797,62700,1,24,2685,4,2,35,2,1
663,0,V2,V1,V1,V2,V3,V4,V2,V2,A,B,C,A,,T,1,1,1,42,,15,1140,56385,1,42,7175,4,3,30,1,1
664,0,V2,V5,V2,V0,V4,V4,V3,V2,B,B,C,A,,T,1,1,1,24,65,16,1084,144632,1,24,12580,4,2,44,1,1
665,0,V1,V3,V2,V0,V3,V3,V2,V1,A,A,A,A,,T,0,1,1,36,,12,291,88628,1,36,2747,4,4,31,1,1
666,1,V1,V1,V4,V1,V1,V3,V1,V1,C,B,C,D,,T,0,1,1,12,,9,1126,82092,1,12,410,3,3,42,2,1
667,1,V2,V4,V5,V2,V3,V4,V2,V2,A,A,C,C,,T,1,1,1,18,,16,2116,132160,2,18,2250,4,3,30,1,1
668,1,V2,V1,V2,V1,V1,V3,V2,V2,B,B,C,B,Y,T,1,1,1,12,,8,1560,100176,1,12,1093,4,4,49,2,3
669,1,V4,V6,V1,V1,V1,V3,V2,V4,B,D,A,C,,T,0,1,1,18,,12,1031,165125,1,18,1888,4,4,28,2,1
670,1,V2,V4,V2,V1,V1,V3,V2,V2,D,A,C,D,Y,T,1,1,1,24,,19,1128,39347,1,24,1394,2,2,31,1,3
671,1,V2,V1,V5,V0,V4,V3,V3,V2,C,B,C,A,,T,1,1,1,24,,11,590,176578,1,24,1378,4,2,47,1,1
672,1,V2,V4,V2,V3,V1,V1,V2,V2,D,B,C,C,,T,1,1,1,6,,15,723,100126,1,6,673,1,4,54,1,1
673,1,V2,V3,V2,V4,V2,V2,V2,V2,D,A,A,D,,T,0,1,1,15,,11,1214,161484,1,15,2709,2,3,27,2,1
674,1,V2,V1,V1,V1,V3,V3,V2,V2,D,B,C,B,,T,0,1,1,36,39,10,138,119616,1,36,2395,4,4,25,1,1
675,1,V2,V1,V2,V1,V1,V3,V2,V2,D,B,C,D,,T,0,1,1,6,92,3,1167,36514,1,6,519,3,1,29,1,1
676,1,V1,V7,V1,V4,V4,V1,V2,V1,B,B,A,C,,T,0,1,1,36,,22,1279,20703,1,36,3991,3,2,29,1,1
677,1,V1,V6,V5,V2,V3,V3,V2,V1,B,A,C,C,,T,0,1,1,48,,10,1091,113121,1,48,3567,4,2,30,1,1
678,1,V4,V6,V2,V2,V2,V3,V2,V4,B,A,C,B,,T,0,1,1,21,,2,571,107979,1,21,3653,2,3,27,2,1
679,1,V2,V5,V2,V1,V3,V4,V1,V2,B,A,C,A,,T,1,1,1,36,,5,932,110887,1,36,6949,2,2,35,1,1
680,0,V2,V4,V1,V1,V2,V3,V2,V2,A,B,C,A,,T,0,1,1,24,,13,1353,141247,1,24,1382,4,2,35,1,1
681,1,V3,V6,V2,V1,V4,V3,V3,V3,D,A,C,D,,T,0,1,1,24,,19,1369,87779,1,24,3864,1,2,32,1,1
682,1,V2,V9,V2,V0,V1,V2,V2,V2,A,B,C,A,,T,1,1,1,24,,8,1073,100651,1,24,1756,4,4,58,1,3
683,1,V2,V1,V2,V2,V1,V3,V2,V2,B,B,C,C,,T,0,1,1,12,,14,799,135160,1,12,2931,2,1,27,1,1
684,1,V1,V3,V3,V1,V1,V3,V2,V1,A,A,B,C,,T,1,1,1,24,,12,1285,92956,1,24,2484,4,4,22,1,1
685,0,V2,V1,V2,V1,V1,V3,V2,V2,A,D,A,B,,T,0,1,1,18,,18,595,175386,1,18,1346,4,3,26,1,1
686,1,V1,V1,V1,V2,V3,V2,V2,V1,C,A,A,A,,T,0,1,1,18,,12,743,63045,1,18,1446,4,4,49,1,1
687,0,V2,V3,V2,V2,V3,V3,V2,V2,B,C,C,C,,T,1,1,1,24,,7,541,-5615,1,24,4058,3,3,43,1,1
688,1,V4,V5,V2,V0,V4,V3,V3,V4,C,A,C,B,,T,0,1,1,42,,10,548,79535,1,42,4797,4,4,56,1,1
689,1,V4,V5,V2,V0,V4,V4,V3,V4,A,B,C,B,,T,1,1,1,24,,6,710,113413,2,24,6420,2,4,44,2,1
690,1,V2,V1,V2,V2,V1,V3,V1,V2,D,D,C,C,,T,0,1,1,6,13,4,1269,85658,1,6,2109,2,2,29,1,1
691,0,V2,V1,V2,V1,V4,V3,V3,V2,A,A,C,D,,T,0,1,1,18,,14,1063,115706,1,18,2601,4,4,65,2,1
692,1,V2,V4,V3,V2,V3,V4,V2,V2,D,B,A,C,,T,0,1,1,21,,15,1176,37446,1,21,2783,1,2,31,1,1
693,1,V2,V1,V2,V0,V3,V3,V2,V2,A,B,C,A,,T,0,1,1,24,,8,2428,102186,1,24,1604,4,4,55,1,1
694,0,V2,V1,V2,V1,V3,V3,V1,V2,A,B,A,A,,T,0,1,1,18,,2,1594,71231,1,18,1883,4,4,25,2,1
695,1,V1,V5,V2,V1,V3,V3,V1,V1,A,B,A,C,,T,0,2,1,24,,6,858,86771,1,24,3633,1,4,22,1,3
696,1,V2,V1,V2,V1,V2,V3,V2,V2,D,D,C,C,,T,0,1,1,24,,1,1658,142341,1,24,1414,4,2,28,1,1
697,1,V2,V1,V1,V0,V2,V3,V2,V2,D,A,C,C,,T,1,1,1,21,,11,1499,116236,1,21,3161,4,3,41,1,1
698,1,V2,V1,V2,V2,V1,V2,V2,V2,B,B,C,B,,T,0,1,1,8,61,14,807,111469,1,8,761,4,2,44,1,3
699,1,V2,V5,V5,V2,V3,V3,V2,V2,D,B,C,B,,T,0,1,1,24,,6,1300,73059,1,24,3489,3,4,23,1,1
700,1,V3,V1,V2,V2,V2,V3,V2,V3,B,A,C,B,,T,0,1,1,11,,1,1339,37379,1,11,4772,2,4,51,1,1
701,1,V2,V3,V2,V1,V1,V3,V2,V2,A,A,C,B,,T,0,1,1,9,,10,1259,150679,1,9,2137,3,2,25,1,1
702,1,V2,V6,V2,V2,V1,V3,V2,V2,D,A,C,B,,T,1,1,1,24,,12,518,136320,1,24,1259,4,1,25,1,1
703,1,V3,V1,V2,V1,V1,V3,V2,V3,D,D,A,D,,T,0,1,1,15,,3,1775,84747,1,15,1479,4,3,33,2,1
704,0,V2,V3,V2,V0,V2,V3,V2,V2,A,A,A,A,,T,0,1,1,36,,14,460,126479,2,36,2713,2,2,41,1,1
705,1,V4,V1,V2,V0,V2,V3,V2,V4,C,A,C,D,,T,0,1,1,30,,11,1087,129680,1,30,3018,4,4,47,1,1
706,1,V2,V8,V2,V3,V3,V3,V2,V2,B,B,C,A,,T,1,1,1,18,,6,1357,125899,1,18,3873,2,4,67,1,1
707,1,V2,V1,V2,V4,V1,V3,V2,V2,B,B,C,A,,T,0,1,1,7,,12,332,91664,1,7,2330,1,1,45,1,3
708,1,V4,V5,V5,V3,V3,V3,V2,V4,B,A,C,D,,T,0,1,1,45,,8,1831,128352,1,45,4577,3,4,27,1,1
709,0,V2,V1,V2,V3,V1,V3,V1,V2,D,B,C,C,Y,T,0,1,1,18,,11,693,99656,1,18,434,3,4,22,1,2
710,1,V2,V4,V4,V4,V1,V1,V2,V2,C,D,C,A,,T,0,2,1,6,,7,1210,117885,1,6,710,2,2,27,1,1
711,1,V2,V8,V2,V4,V2,V2,V2,V2,B,D,C,A,X,T,0,1,1,6,,11,399,77942,1,6,455,3,1,22,1,1
712,0,V2,V1,V2,V4,V1,V3,V1,V2,B,D,C,B,,T,0,1,1,12,,7,1587,79912,1,12,1535,1,1,23,1,1
713,1,V2,V1,V2,V1,V1,V3,V1,V2,C,D,C,A,,T,0,1,1,12,,15,1216,88744,1,12,1298,3,4,23,1,1
714,1,V4,V4,V5,V0,V3,V3,V2,V4,C,C,C,D,Y,T,1,1,1,6,,4,1106,62893,2,6,1324,2,4,28,2,1
715,1,V2,V4,V1,V4,V1,V2,V2,V2,C,A,C,C,,T,0,2,1,4,,12,971,85672,2,4,1495,1,2,29,1,1
716,1,V4,V3,V1,V1,V3,V3,V2,V4,D,D,C,C,,T,0,2,1,10,,16,1015,130405,1,10,2070,2,1,26,2,1
717,1,V2,V2,V2,V0,V3,V4,V1,V2,C,A,C,D,,T,1,1,1,15,,6,1113,150026,1,15,1906,4,4,40,1,1
718,1,V4,V1,V2,V1,V2,V3,V2,V4,D,B,C,A,,T,0,1,1,12,,6,1222,87442,1,12,1292,4,2,35,2,1
719,1,V2,V4,V5,V1,V3,V3,V2,V2,B,A,C,C,,T,1,1,1,18,,4,27,166597,1,18,5867,2,2,30,2,1
720,0,V3,V1,V2,V4,V1,V3,V2,V3,A,D,B,C,,T,0,1,1,24,,13,1294,116769,1,24,1025,4,4,48,1,1
721,1,V4,V4,V1,V4,V1,V2,V2,V4,A,A,C,C,,T,0,1,1,6,,11,1608,49729,2,6,4717,1,3,44,2,1
722,1,V2,V7,V1,V4,V1,V3,V2,V2,D,B,C,A,,T,0,1,1,15,,12,929,41062,1,15,875,4,1,24,1,1
723,1,V4,V4,V2,V2,V4,V4,V2,V4,D,A,C,B,Y,T,1,1,1,6,,5,1379,45809,2,6,6762,1,3,45,2,1
724,0,V4,V3,V2,V1,V1,V3,V1,V4,A,B,C,C,,T,0,1,1,18,,8,1509,58989,1,18,2125,4,4,24,2,1
725,1,V2,V5,V1,V0,V1,V4,V2,V2,D,A,C,A,,T,1,1,1,21,,2,989,105071,1,21,2477,4,4,46,1,1
726,1,V3,V2,V1,V1,V3,V3,V1,V3,A,B,C,D,,T,1,1,1,18,,11,279,118903,1,18,8472,1,2,23,2,1
727,1,V2,V5,V2,V1,V2,V3,V2,V2,D,B,A,B,,T,0,1,1,36,,9,444,158041,1,36,8134,1,2,30,1,1
728,1,V4,V1,V2,V2,V1,V2,V2,V4,A,B,C,D,,T,1,1,1,12,,9,1007,79795,1,12,386,4,3,58,4,1
729,1,V2,V1,V2,V0,V2,V3,V2,V2,A,A,C,A,Y,T,0,1,1,30,,14,1018,88611,2,30,2523,1,3,39,1,3
730,0,V1,V4,V2,V3,V4,V1,V1,V1,A,B,C,A,,T,0,1,1,24,1,8,1015,104414,1,24,1194,1,4,29,2,2
731,1,V4,V5,V2,V1,V3,V3,V2,V4,B,A,C,D,,T,1,1,1,36,,10,1119,83167,1,36,5801,3,4,34,2,1
732,1,V2,V4,V1,V0,V2,V2,V2,V2,D,A,C,B,,T,0,2,1,10,,9,1067,138697,1,10,1288,4,2,45,1,2
733,1,V2,V1,V1,V4,V3,V3,V2,V2,D,A,C,D,,T,0,1,1,24,,14,762,108225,1,24,3106,4,2,25,2,1
734,1,V3,V8,V2,V1,V1,V2,V2,V3,B,A,C,C,,T,1,1,1,18,,11,922,129295,2,18,6205,2,4,44,1,1
735,1,V2,V3,V4,V0,V2,V3,V1,V2,A,B,C,B,,T,1,1,1,30,,9,911,99991,1,30,3623,4,4,57,2,1
736,1,V4,V1,V2,V0,V3,V3,V2,V4,D,A,C,A,,T,1,1,1,15,,8,1192,63410,1,15,1830,4,4,46,2,1
737,1,V2,V1,V4,V2,V1,V2,V2,V2,D,C,C,D,,T,0,1,1,12,,13,1385,157422,1,12,3060,2,4,61,1,1
738,1,V4,V1,V1,V2,V1,V3,V2,V4,B,A,A,C,,T,1,1,1,15,65,8,1594,104577,1,15,2729,4,2,35,3,3
739,1,V2,V3,V2,V0,V3,V3,V2,V2,D,A,C,C,,T,0,1,1,9,,12,1426,53953,1,9,1314,1,4,20,1,1
740,0,V2,V4,V2,V0,V1,V3,V2,V2,A,A,C,D,,T,0,1,1,24,,14,1460,104300,1,24,2304,4,1,45,1,2
741,1,V4,V4,V2,V2,V1,V3,V2,V4,D,B,C,C,,T,0,1,1,4,,2,1428,91000,2,4,3381,1,1,37,1,1
742,1,V3,V4,V2,V1,V2,V3,V1,V3,B,B,C,C,,T,0,1,1,36,,13,952,162754,1,36,7433,2,2,54,1,1
743,1,V2,V4,V2,V4,V1,V2,V2,V2,A,A,C,C,,T,1,1,1,6,,7,335,78027,2,6,663,3,4,41,1,1
744,1,V2,V4,V4,V2,V3,V3,V1,V2,D,B,C,D,,T,0,1,1,15,,12,1466,174515,1,15,3187,2,3,20,1,1
745,1,V4,V1,V4,V1,V1,V3,V2,V4,D,A,C,B,,T,0,1,1,18,,12,1181,119987,1,18,1150,4,3,46,2,1
746,1,V4,V3,V2,V2,V3,V3,V1,V4,B,A,C,D,,T,1,1,1,9,,10,1201,91875,1,9,1920,4,3,35,1,1
747,1,V2,V5,V5,V1,V1,V3,V2,V2,D,A,C,C,,T,0,1,1,10,,12,738,103944,2,10,2849,1,2,32,1,2
748,1,V3,V4,V2,V1,V3,V3,V2,V3,C,B,B,C,,T,1,1,1,12,,12,429,122351,1,12,2248,2,2,36,2,1
749,1,V2,V4,V2,V3,V4,V3,V3,V2,A,A,C,D,,T,0,1,1,14,,9,1112,46389,1,14,3974,1,4,22,1,1
750,1,V2,V1,V2,V1,V1,V3,V2,V2,C,A,C,B,,T,1,1,1,36,,14,367,108160,1,36,3914,2,2,23,1,1
751,1,V2,V1,V3,V3,V4,V1,V1,V2,B,B,C,C,,T,0,1,1,24,,9,1322,76848,1,24,3759,1,4,23,1,1
752,1,V2,V1,V3,V0,V3,V4,V2,V2,D,A,A,D,,T,0,1,1,30,,8,422,69313,1,30,2334,4,2,30,1,1
753,0,V4,V3,V2,V4,V3,V2,V2,V4,B,B,A,A,,T,0,1,1,24,,1,1990,58670,1,24,4737,2,4,25,1,1
754,1,V3,V5,V2,V1,V1,V2,V2,V3,D,A,B,A,,T,0,1,1,21,,15,1837,40884,1,21,2994,3,2,28,2,1
755,0,V3,V2,V2,V1,V2,V3,V2,V3,A,A,B,B,,T,1,1,1,36,,10,1642,93482,1,36,6888,4,3,29,1,1
756,1,V2,V1,V2,V2,V3,V4,V1,V2,D,A,C,A,,T,1,1,1,12,,14,1124,82632,2,12,1964,4,2,31,2,1
757,1,V2,V3,V2,V0,V2,V3,V1,V2,A,B,C,B,,T,0,1,1,12,,10,689,7455,1,12,653,4,4,24,1,1
758,1,V4,V4,V1,V0,V4,V4,V3,V4,D,A,A,C,,T,1,1,1,60,,6,937,69116,1,60,13757,2,4,63,1,1
759,1,V4,V3,V3,V2,V3,V3,V1,V4,D,B,C,D,,T,1,1,1,12,,10,1903,79392,1,12,1403,3,4,37,1,1
760,0,V0,V6,V2,V4,V4,V3,V1,V0,B,A,C,C,,T,1,1,1,54,,10,967,77378,1,54,15946,3,4,58,1,1
761,1,V2,V1,V2,V0,V3,V3,V2,V2,D,A,C,D,,T,0,1,1,12,,8,1313,115326,1,12,805,4,4,38,1,1
762,0,V2,V5,V2,V3,V4,V4,V3,V2,B,B,C,A,,T,1,1,1,18,,12,679,42806,1,18,12977,3,4,38,1,1
763,1,V4,V8,V2,V0,V4,V3,V3,V4,D,A,C,C,,T,0,1,1,24,,18,1290,118923,1,24,5508,3,4,44,2,1
764,1,V4,V8,V1,V2,V1,V3,V2,V4,D,B,C,B,,T,0,1,1,12,,10,429,91600,1,12,997,4,4,23,2,1
765,1,V0,V6,V1,V1,V3,V4,V2,V0,B,A,A,A,,T,1,1,1,48,,8,1662,30718,1,48,12205,2,2,48,1,1
766,0,V4,V4,V2,V3,V3,V4,V2,V4,B,D,C,D,,T,0,1,1,30,,11,678,59857,1,30,4250,4,2,28,2,1
767,0,V1,V5,V1,V3,V1,V4,V2,V1,D,B,A,B,,T,1,1,1,30,,8,802,141366,1,30,7486,4,1,53,1,1
768,0,V0,V3,V2,V0,V4,V3,V1,V0,A,A,A,C,,T,0,1,1,24,,8,843,68661,2,24,4111,3,4,23,2,1
769,0,V2,V1,V3,V0,V3,V3,V2,V2,D,A,A,A,,T,1,1,1,24,,13,2116,186478,1,24,2398,3,2,35,2,1
770,1,V4,V1,V1,V0,V1,V3,V2,V4,A,A,C,C,,T,1,1,1,6,,8,842,54848,1,6,1170,4,4,67,2,1
771,1,V3,V6,V1,V1,V4,V3,V3,V3,B,A,C,A,,T,1,1,1,48,,2,818,148694,2,48,6682,4,4,38,1,1
772,1,V4,V6,V2,V4,V2,V2,V2,V4,A,A,A,D,,T,0,1,1,13,,11,983,59301,1,13,1798,3,1,28,2,1
773,1,V4,V3,V2,V3,V2,V4,V2,V4,B,A,B,C,,T,1,1,1,18,,15,641,67762,1,18,7375,4,4,40,2,1
774,1,V3,V4,V2,V1,V3,V2,V2,V3,D,A,C,D,,T,0,1,1,14,,8,782,185779,1,14,803,4,2,27,2,1
775,1,V2,V1,V2,V4,V3,V3,V2,V2,D,A,C,B,X,T,1,1,1,18,,3,1264,113281,1,18,4595,3,2,32,1,1
776,0,V2,V3,V2,V1,V2,V3,V2,V2,B,B,C,D,,T,0,1,1,9,,4,1017,83867,1,9,919,4,1,30,1,1
777,0,V2,V3,V1,V1,V3,V3,V2,V2,A,D,C,B,,T,0,1,1,24,,14,909,63548,1,24,2997,2,4,20,1,1
778,1,V4,V1,V2,V2,V2,V4,V2,V4,A,D,C,D,X,T,1,1,1,18,,9,526,133295,1,18,1881,4,1,32,2,1
779,1,V2,V3,V2,V1,V1,V3,V2,V2,D,A,C,C,,T,1,1,1,18,,10,1184,130177,1,18,2516,3,4,43,1,1
780,1,V0,V6,V1,V4,V3,V3,V2,V0,A,A,A,B,,T,0,1,1,30,,10,504,164761,1,30,8073,2,3,25,3,1
781,1,V2,V3,V3,V0,V4,V3,V1,V2,D,A,C,B,X,T,1,1,1,24,,16,1412,77386,1,24,3063,4,3,32,1,1
782,1,V2,V1,V1,V0,V1,V2,V2,V2,D,B,C,C,,T,1,1,1,36,,15,471,108601,1,36,3836,2,4,45,1,1
783,1,V2,V4,V2,V4,V1,V2,V2,V2,A,B,C,D,,T,1,1,1,47,,9,1564,161704,1,47,10723,1,1,35,1,1
784,0,V4,V4,V1,V0,V4,V4,V3,V4,D,A,C,B,,T,1,1,1,21,,12,741,73164,1,21,12681,4,4,30,1,1
785,1,V2,V5,V1,V2,V2,V2,V1,V2,D,B,B,D,,T,0,1,1,30,,12,872,41042,1,30,4812,2,4,24,1,1
786,0,V0,V6,V5,V2,V4,V2,V3,V0,B,A,C,C,,T,0,1,1,48,,11,422,169345,2,48,3845,4,4,34,1,1
787,0,V2,V4,V1,V2,V4,V3,V1,V2,A,B,C,A,,T,0,1,1,24,,12,1369,115242,1,24,1286,4,4,32,1,1
788,0,V3,V6,V2,V0,V4,V3,V2,V3,A,A,C,A,,T,1,1,1,60,,12,1276,105209,1,60,6837,3,4,63,2,1
789,1,V0,V4,V5,V1,V4,V3,V1,V0,D,A,A,B,,T,0,2,1,6,,9,1573,127071,1,6,1205,4,1,35,1,1
790,1,V4,V2,V2,V0,V4,V2,V3,V4,D,B,A,D,,T,0,1,1,12,,9,835,72649,1,12,2749,2,4,57,3,1
791,1,V3,V6,V5,V2,V3,V4,V1,V3,B,A,C,B,,T,1,1,1,24,,15,868,91714,1,24,6968,4,4,36,1,1
792,0,V1,V5,V2,V0,V4,V4,V3,V1,B,B,A,C,,T,1,1,1,9,,13,1249,126370,2,9,5130,2,4,74,1,1
793,1,V2,V8,V2,V0,V3,V2,V2,V2,B,A,C,B,,T,0,1,1,15,93,5,1028,117890,1,15,1309,4,4,38,2,1
794,1,V4,V5,V2,V0,V4,V4,V3,V4,A,A,C,C,,T,0,1,1,12,,11,1739,90857,1,12,1527,4,4,66,2,1
795,1,V4,V5,V2,V0,V2,V3,V2,V4,D,A,C,A,,T,1,1,1,36,,8,1330,131024,2,36,5843,2,2,35,2,1
796,1,V2,V5,V1,V0,V4,V3,V3,V2,A,A,A,D,,T,1,1,1,24,,17,1202,140333,2,24,2965,4,4,49,1,1
797,0,V3,V2,V2,V0,V4,V3,V3,V3,B,A,C,C,,T,0,1,1,48,,11,1235,131449,1,48,6225,4,4,50,1,1
798,1,V4,V3,V1,V0,V2,V3,V1,V4,D,A,C,B,X,T,1,1,1,12,,11,490,95152,1,12,5802,2,4,49,1,1
799,1,V4,V1,V2,V2,V3,V4,V1,V4,D,B,C,A,,T,1,1,1,30,,10,248,113884,1,30,4531,4,4,26,1,1
800,1,V4,V4,V2,V0,V1,V2,V2,V4,D,A,C,A,X,T,0,2,1,10,,12,1452,99278,2,10,1232,3,4,32,2,1
801,1,V2,V4,V4,V2,V3,V3,V2,V2,D,B,C,D,,T,1,1,1,24,,16,1092,86613,2,24,1526,4,3,34,1,1
802,1,V4,V1,V2,V4,V4,V3,V3,V4,D,D,C,C,,T,1,1,1,24,,6,462,120903,1,24,5104,3,3,47,3,1
803,0,V3,V6,V2,V0,V1,V4,V2,V3,C,A,C,C,,T,1,1,1,30,,5,870,77117,1,30,1909,4,4,66,1,1
804,1,V4,V1,V2,V0,V4,V3,V2,V4,D,A,C,B,,T,0,1,1,12,,7,1093,91858,1,12,1935,2,2,26,2,1
805,1,V4,V4,V2,V4,V3,V4,V2,V4,D,B,C,D,,T,0,1,1,11,54,4,995,51148,1,11,1394,4,4,35,2,1
806,1,V2,V5,V5,V4,V3,V3,V2,V2,D,B,C,B,,T,1,1,1,15,,11,1489,100430,1,15,3813,1,4,23,1,1
807,1,V4,V3,V2,V1,V2,V3,V2,V4,A,A,C,C,,T,0,1,1,36,,13,1114,126470,1,36,5372,3,2,28,2,3
808,1,V2,V4,V1,V4,V2,V3,V2,V2,D,A,C,D,,T,0,1,1,24,,12,584,34584,1,24,2256,4,1,54,1,1
809,1,V2,V2,V2,V2,V4,V4,V3,V2,A,A,C,D,Y,T,1,1,1,48,,9,1010,87920,1,48,7477,4,1,50,1,1
810,1,V4,V1,V2,V1,V3,V3,V2,V4,D,B,C,A,,T,1,1,1,30,,12,426,140063,1,30,2832,4,2,33,1,1
811,1,V3,V3,V2,V3,V2,V4,V2,V3,B,A,B,B,,T,1,1,1,6,,12,1167,114832,1,6,1051,4,1,35,2,1
812,1,V2,V5,V2,V2,V2,V3,V2,V2,A,A,C,A,,T,0,1,1,48,,15,721,153120,2,48,4789,4,3,26,1,1
813,1,V2,V7,V3,V2,V2,V3,V2,V2,D,A,C,A,,T,1,1,1,15,,8,867,83940,1,15,1263,4,3,36,2,1
814,1,V4,V6,V2,V3,V3,V1,V2,V4,B,D,C,A,,T,1,1,1,18,,9,1024,87806,2,18,3591,3,3,40,3,1
815,1,V2,V3,V2,V3,V4,V4,V3,V2,A,B,C,A,,T,0,1,1,12,,14,1130,65666,1,12,2579,3,4,55,1,1
816,0,V2,V2,V5,V1,V2,V4,V2,V2,D,A,C,C,,T,1,1,1,15,,15,1330,121190,1,15,4624,3,2,40,1,1
817,0,V4,V4,V2,V1,V2,V3,V1,V4,A,D,A,D,,T,0,2,1,20,,11,1058,120239,1,20,2236,4,2,33,2,3
818,1,V3,V4,V5,V0,V4,V3,V3,V3,B,A,C,A,,T,0,1,1,36,,12,83,116080,1,36,2863,4,3,30,1,1
819,1,V3,V5,V2,V2,V3,V2,V2,V3,D,A,C,B,,T,1,1,1,24,,10,820,95469,1,24,4680,3,3,35,2,1
820,0,V2,V8,V2,V4,V4,V2,V2,V2,A,C,C,D,,T,1,1,1,30,,4,444,80449,1,30,11999,1,1,34,1,1
821,1,V2,V3,V2,V4,V2,V3,V1,V2,A,B,C,B,,T,0,1,1,15,,18,1388,100757,1,15,1846,4,1,46,1,3
822,1,V2,V4,V1,V1,V4,V3,V2,V2,,A,C,D,,T,0,1,1,15,,3,1009,152636,1,15,3557,3,2,29,1,1
823,1,V4,V1,V1,V2,V2,V3,V2,V4,D,A,C,A,,T,0,1,1,30,,14,1118,78894,1,30,6743,2,3,36,2,1
824,0,V0,V1,V2,V1,V2,V3,V1,V0,A,A,C,A,X,T,1,1,1,12,,0,1160,85838,1,12,6200,4,2,28,2,1
825,1,V4,V4,V2,V4,V2,V3,V2,V4,D,B,C,C,,T,0,1,1,18,,7,1191,110978,1,18,1056,4,1,30,2,1
826,1,V2,V3,V5,V0,V4,V3,V3,V2,B,A,C,D,,T,0,1,1,24,,13,760,42846,1,24,3070,4,4,30,1,1
827,1,V2,V5,V2,V0,V3,V4,V2,V2,D,A,C,A,,T,1,1,1,24,15,17,666,104411,1,24,2671,4,4,35,1,1
828,1,V3,V4,V2,V1,V2,V3,V2,V3,B,C,C,C,,T,0,1,1,21,,5,1192,35451,1,21,2354,1,4,47,2,1
829,1,V2,V1,V1,V2,V3,V3,V2,V2,D,A,B,B,,T,1,1,1,48,,15,776,86119,1,48,10223,4,3,37,1,1
830,1,V4,V5,V5,V4,V2,V3,V2,V4,B,A,C,C,,T,0,1,1,12,,6,1056,115992,1,12,1805,3,4,44,1,1
831,1,V2,V6,V3,V0,V1,V3,V2,V2,B,D,C,A,,T,1,1,1,14,,10,1053,123684,1,14,1411,1,2,35,1,1
832,1,V0,V4,V3,V4,V3,V3,V2,V0,B,B,C,C,,T,0,1,1,48,,6,743,77560,1,48,8359,1,1,30,2,1
833,1,V3,V1,V1,V1,V4,V4,V3,V3,B,A,C,B,,T,0,1,1,60,,9,494,101691,1,60,9158,2,2,27,1,1
834,1,V4,V2,V1,V0,V2,V2,V1,V4,D,B,C,C,,T,0,1,1,9,,12,985,117364,1,9,1245,4,4,41,2,1
835,0,V2,V6,V2,V0,V4,V3,V1,V2,A,A,C,B,,T,0,1,1,60,,10,645,103319,1,60,7298,4,4,36,1,2
836,1,V4,V1,V4,V0,V3,V3,V2,V4,D,A,C,B,,T,0,1,1,24,,11,972,93749,1,24,2579,2,2,34,1,1
837,1,V4,V3,V2,V1,V2,V3,V2,V4,A,D,C,C,,T,1,1,1,36,,10,739,224831,1,36,2349,3,2,46,2,1
838,1,V2,V2,V1,V1,V3,V3,V2,V2,B,D,C,C,,T,0,1,1,36,,9,987,71936,1,36,3712,2,2,27,1,1
839,0,V2,V1,V2,V4,V3,V3,V2,V2,A,A,C,A,,T,0,1,1,42,,11,1072,83836,1,42,3966,4,3,34,1,1
840,1,V2,V4,V1,V4,V2,V4,V2,V2,D,A,C,B,,T,1,1,1,12,,14,776,165330,2,12,3528,2,3,45,1,1
841,1,V2,V3,V1,V2,V3,V3,V2,V2,A,A,C,D,,T,1,1,1,20,,10,950,80729,1,20,2213,4,4,39,1,1
842,0,V2,V1,V5,V0,V3,V3,V2,V2,D,A,C,C,,T,0,1,1,24,19,14,1511,72223,1,24,3622,2,4,31,2,1
843,1,V4,V3,V1,V0,V2,V3,V2,V4,D,A,C,D,,T,0,1,1,15,,12,583,129896,1,15,1521,4,4,63,1,1
844,1,V4,V2,V1,V1,V3,V3,V2,V4,D,B,C,B,,T,1,1,1,24,,11,1179,35560,1,24,1928,3,2,33,2,1
845,1,V3,V2,V5,V2,V4,V3,V1,V3,B,A,C,C,,T,1,1,1,39,,4,895,128625,1,39,11761,2,3,32,1,1
846,1,V4,V4,V1,V4,V1,V3,V2,V4,D,C,C,D,,T,1,1,1,20,,8,817,108803,1,20,3486,2,4,44,2,1
847,1,V4,V1,V3,V1,V2,V2,V2,V4,D,D,C,D,,T,0,1,1,15,,17,980,89954,1,15,1317,2,2,47,2,1
848,1,V2,V1,V3,V2,V3,V3,V2,V2,D,B,C,B,,T,0,1,1,24,,10,799,144069,1,24,1377,4,1,28,1,1
849,1,V4,V4,V3,V1,V1,V3,V2,V4,D,A,C,C,,T,1,1,1,12,,12,818,87834,1,12,1164,4,4,44,1,1
850,1,V2,V1,V1,V0,V3,V4,V2,V2,C,A,C,B,,T,0,1,1,12,,5,612,112320,1,12,3400,2,3,37,1,1
851,1,V2,V4,V2,V1,V1,V2,V1,V2,B,D,C,C,,T,0,1,1,9,,18,346,143133,1,9,277,4,4,22,1,1
852,1,V2,V4,V5,V1,V3,V2,V2,V2,A,A,C,A,,T,1,1,1,18,,12,1815,140914,2,18,4381,3,4,35,1,1
853,0,V2,V5,V3,V4,V3,V3,V1,V2,B,B,C,C,,T,0,1,1,24,52,4,425,137236,1,24,4114,3,4,28,1,1
854,0,V3,V4,V2,V0,V4,V3,V3,V3,B,A,A,D,,T,1,1,1,36,,10,1371,145868,1,36,2226,4,4,57,2,1
855,0,V2,V4,V2,V1,V4,V3,V2,V2,B,B,A,B,,T,0,1,1,30,,15,724,79260,1,30,2151,4,2,24,1,3
856,1,V0,V8,V2,V1,V3,V3,V2,V0,D,A,C,C,,T,0,1,1,36,,15,1362,31042,1,36,2614,4,2,27,2,1
857,1,V4,V3,V4,V4,V1,V2,V2,V4,D,A,B,D,,T,1,1,1,27,,11,1964,20461,2,27,4527,4,2,32,2,1
858,0,V4,V5,V2,V0,V4,V2,V3,V4,A,B,B,B,,T,0,1,1,48,,17,1056,100034,1,48,6144,4,4,58,2,1
859,1,V2,V3,V2,V4,V2,V3,V2,V2,B,D,C,B,,T,0,1,1,30,,12,1206,90076,1,30,3833,2,1,22,1,1
860,0,V2,V4,V5,V4,V2,V4,V2,V2,B,B,C,C,,T,0,1,1,60,,8,317,93408,1,60,7409,4,2,24,1,1
861,1,V1,V3,V4,V1,V3,V3,V2,V1,B,A,B,A,,T,1,1,1,30,,10,1196,48416,2,30,3497,4,2,34,1,1
862,1,V4,V1,V2,V3,V3,V1,V2,V4,D,B,C,A,,T,0,1,1,18,,6,1050,41370,1,18,1099,4,4,65,2,1
863,1,V2,V1,V2,V2,V3,V3,V2,V2,D,A,C,A,,T,1,1,1,24,,4,907,97421,1,24,2285,4,2,28,1,1
864,1,V4,V3,V2,V4,V2,V3,V2,V4,D,B,C,B,,T,1,1,1,21,,17,1203,-801,1,21,2289,4,4,23,1,1
865,0,V3,V4,V2,V0,V3,V2,V2,V3,D,A,C,C,,T,0,1,1,24,,14,1502,66346,2,24,2539,4,4,47,2,1
866,1,V3,V6,V5,V2,V2,V2,V2,V3,B,A,C,C,,T,1,1,1,36,,11,1308,159581,2,36,9858,1,3,31,2,1
867,1,V4,V1,V3,V0,V3,V3,V2,V4,A,A,C,C,,T,0,1,1,6,,10,1082,100310,1,6,339,4,4,52,2,1
868,1,V2,V1,V2,V1,V1,V3,V2,V2,B,B,C,C,,T,0,1,1,6,,14,331,138823,1,6,754,2,3,64,1,3
869,0,V2,V3,V5,V4,V4,V4,V1,V2,B,A,C,C,,T,1,1,1,36,,6,520,148997,1,36,9035,4,1,29,1,2
870,1,V2,V5,V2,V1,V3,V3,V2,V2,D,A,C,D,,T,1,1,1,15,,12,503,81085,1,15,4658,3,2,30,1,1
871,1,V4,V1,V2,V1,V3,V2,V2,V4,D,B,C,C,,T,0,1,1,15,,7,1203,60018,1,15,1460,4,2,43,1,1
872,0,V0,V8,V2,V2,V1,V3,V2,V0,A,A,C,C,,T,0,1,1,12,,16,842,77126,1,12,1109,4,3,28,2,1
873,0,V2,V1,V2,V1,V1,V3,V2,V2,A,B,C,C,,T,0,1,1,18,,11,1976,174522,1,18,3191,2,2,24,1,1
874,0,V2,V3,V2,V0,V4,V4,V3,V2,A,A,C,D,,T,1,1,1,12,,14,780,157385,1,12,7866,4,4,53,1,1
875,1,V2,V6,V5,V2,V3,V3,V2,V2,D,A,C,B,,T,1,1,1,36,,11,736,141575,1,36,5743,2,2,31,2,1
876,0,V4,V4,V2,V0,V2,V3,V1,V4,A,A,C,C,,T,1,1,1,12,,14,1573,43303,1,12,4844,3,4,43,2,2
877,1,V2,V7,V3,V1,V1,V3,V2,V2,D,C,C,C,,T,0,1,1,6,,12,1639,149182,1,6,1339,1,4,62,1,1
878,1,V2,V4,V1,V2,V3,V3,V2,V2,B,B,C,D,,T,0,1,1,48,,4,1485,4496,1,48,8488,1,2,24,1,1
879,0,V1,V4,V5,V1,V2,V3,V1,V1,B,D,C,A,,T,0,1,1,15,,8,1154,17964,1,15,1265,2,2,25,1,1
880,1,V3,V1,V2,V4,V3,V3,V2,V3,B,A,C,D,,T,0,1,1,24,,9,990,103227,1,24,6404,1,2,33,1,1
881,1,V4,V3,V4,V1,V1,V3,V2,V4,D,A,C,C,,T,1,1,1,24,,12,1246,91211,1,24,3778,4,4,50,1,1
882,1,V2,V1,V3,V1,V3,V3,V2,V2,B,C,C,D,,T,1,1,1,12,,5,1627,127656,1,12,1159,3,1,26,1,1
883,1,V2,V6,V2,V1,V3,V2,V2,V2,A,D,B,A,,T,0,1,1,24,,18,1469,41501,1,24,6569,2,2,21,1,1
884,1,V4,V4,V2,V2,V1,V2,V2,V4,B,A,C,C,,T,0,1,1,12,,8,628,181426,2,12,959,2,3,47,2,1
885,1,V2,V4,V3,V0,V2,V3,V2,V2,D,A,C,D,Y,T,0,1,1,36,,3,975,73994,1,36,910,4,4,36,1,1
886,1,V2,V4,V1,V1,V4,V3,V3,V2,D,A,C,A,,T,1,1,1,60,,16,531,82934,2,60,6528,4,4,34,1,1
887,1,V4,V4,V2,V1,V1,V3,V1,V4,A,A,C,A,,T,0,1,1,9,,11,861,88517,2,9,2800,2,2,36,2,1
888,1,V2,V1,V2,V1,V1,V3,V2,V2,B,A,C,C,,T,0,1,1,7,,10,672,48084,1,7,2416,3,2,34,1,3
889,1,V4,V4,V2,V1,V2,V2,V2,V4,A,A,A,D,,T,0,2,1,12,,14,269,66128,1,12,2172,4,4,38,2,1
890,1,V2,V3,V2,V1,V3,V3,V2,V2,A,A,B,C,,T,0,1,1,24,,14,471,154963,1,24,4021,2,2,27,1,1
891,1,V2,V3,V2,V1,V4,V3,V3,V2,D,A,A,C,,T,0,1,1,18,,3,1127,101817,1,18,1985,4,4,47,2,1
892,1,V2,V4,V1,V0,V4,V4,V3,V2,D,B,C,A,,T,1,1,1,12,,13,1185,156414,1,12,2134,4,4,52,1,1
893,1,V4,V4,V2,V0,V1,V3,V2,V4,A,A,C,A,,T,0,1,1,21,,7,22,61507,1,21,572,4,4,65,2,1
894,1,V2,V1,V2,V1,V1,V3,V2,V2,D,D,C,D,,T,0,1,1,12,,10,1942,105020,1,12,777,4,2,28,1,1
895,0,V2,V2,V2,V3,V1,V1,V2,V2,A,B,C,B,,T,0,1,1,18,,14,1221,73416,1,18,751,4,1,27,1,1
896,0,V3,V6,V2,V4,V3,V3,V2,V3,D,C,C,A,X,T,0,1,1,36,,6,1087,83081,1,36,9573,1,1,28,2,1
897,1,V2,V1,V2,V1,V2,V2,V2,V2,A,A,C,B,,T,0,1,1,12,,15,1153,106613,1,12,2215,4,3,24,1,1
898,1,V2,V4,V3,V1,V4,V2,V1,V2,D,A,C,B,,T,0,2,1,10,,3,1180,99721,2,10,1598,3,2,40,1,1
899,1,V4,V6,V2,V1,V1,V4,V2,V4,D,B,C,C,,T,1,1,1,12,8,4,638,94635,1,12,1413,4,2,29,2,3
900,0,V3,V1,V2,V4,V1,V3,V2,V3,A,D,B,C,,T,0,1,1,24,,13,1294,116769,1,24,1025,4,4,48,1,1
901,1,V4,V1,V2,V0,V3,V3,V2,V4,D,A,C,A,,T,1,1,1,15,,8,1192,63410,1,15,1830,4,4,46,2,1
902,1,V2,V10,V1,V3,V2,V4,V2,V2,D,A,C,B,,T,1,1,1,6,,9,1142,81333,2,6,1239,4,4,36,1,1
903,1,V4,V1,V2,V0,V4,V3,V2,V4,D,A,C,B,,T,0,1,1,12,,7,1093,91858,1,12,1935,2,2,26,2,1
904,1,V2,V6,V2,V0,V1,V4,V2,V2,B,A,A,C,,T,1,1,1,18,,15,1054,105774,1,18,4440,1,1,33,1,2
905,0,V4,V4,V2,V0,V1,V3,V1,V4,A,B,A,C,,T,1,1,1,18,,10,1115,173427,1,18,3967,1,4,33,3,1
906,0,V2,V4,V5,V0,V4,V2,V3,V2,C,B,C,A,,T,0,1,1,10,,14,1126,92407,2,10,1241,1,4,48,1,1
907,0,V4,V5,V2,V0,V4,V3,V3,V4,A,A,C,B,,T,1,1,1,48,,11,1754,140260,1,48,6332,4,4,46,2,1
908,1,V2,V4,V2,V4,V1,V2,V2,V2,A,A,C,C,,T,1,1,1,6,,7,335,78027,2,6,663,3,4,41,1,1
909,1,V3,V5,V2,V4,V2,V2,V2,V3,D,B,C,D,,T,0,1,1,15,,7,959,114578,1,15,3595,1,2,46,2,1
910,1,V4,V1,V1,V1,V1,V3,V2,V4,D,A,C,A,X,T,0,1,1,9,,13,1531,131601,2,9,3075,1,2,33,2,1
911,1,V0,V10,V2,V1,V1,V2,V2,V0,B,A,C,B,,T,1,1,1,12,,9,1339,115571,1,12,1411,2,2,31,1,1
912,1,V4,V4,V5,V0,V3,V3,V2,V4,C,C,C,D,Y,T,1,1,1,6,,4,1106,62893,2,6,1324,2,4,28,2,1
913,1,V4,V4,V1,V0,V4,V4,V3,V4,D,A,A,C,,T,1,1,1,60,,6,937,69116,1,60,13757,2,4,63,1,1
914,1,V0,V6,V1,V1,V3,V4,V2,V0,B,A,A,A,,T,1,1,1,48,,8,1662,30718,1,48,12205,2,2,48,1,1
915,1,V2,V1,V3,V2,V3,V3,V2,V2,D,B,C,B,,T,0,1,1,24,,10,799,144069,1,24,1377,4,1,28,1,1
916,1,V2,V1,V2,V2,V1,V3,V2,V2,A,B,C,A,,T,0,1,1,18,,11,752,66162,1,18,3510,4,1,25,1,3
917,1,V2,V4,V1,V3,V1,V1,V1,V2,B,B,C,D,,T,0,1,1,12,,13,1165,130860,1,12,7473,1,2,24,1,1
918,1,V4,V6,V2,V1,V1,V3,V2,V4,D,B,C,A,,T,0,1,1,12,,9,827,160741,1,12,1186,3,2,27,2,1
919,1,V2,V3,V1,V2,V3,V3,V2,V2,B,A,C,A,,T,1,1,1,21,,15,1329,149090,1,21,3977,2,3,35,1,1
920,1,V4,V4,V3,V2,V3,V4,V2,V4,B,C,C,D,Y,T,1,1,1,12,23,9,727,51801,1,12,2367,3,3,36,1,1
921,1,V2,V1,V2,V2,V1,V3,V2,V2,B,B,C,C,,T,0,1,1,12,,14,799,135160,1,12,2931,2,1,27,1,1
922,1,V2,V1,V2,V1,V1,V3,V2,V2,B,B,C,C,,T,0,1,1,6,,14,331,138823,1,6,754,2,3,64,1,3
923,1,V4,V1,V1,V0,V1,V3,V2,V4,D,B,C,A,,T,1,1,1,12,9,12,1270,97165,1,12,1241,4,2,38,2,1
924,1,V2,V5,V1,V2,V2,V2,V1,V2,D,B,B,D,,T,0,1,1,30,,12,872,41042,1,30,4812,2,4,24,1,1
925,0,V2,V2,V2,V1,V4,V3,V3,V2,D,A,B,C,,T,1,1,1,36,71,9,1124,63805,1,36,1820,4,4,37,1,1
926,1,V2,V1,V2,V1,V1,V3,V2,V2,D,D,C,D,,T,0,1,1,12,,10,1942,105020,1,12,777,4,2,28,1,1
927,1,V2,V3,V1,V0,V2,V2,V2,V2,A,C,C,A,,T,1,1,1,12,,7,1148,141711,1,12,1263,2,4,49,1,1
928,0,V3,V1,V5,V4,V4,V4,V2,V3,B,A,B,A,,T,0,1,1,30,,8,157,52256,1,30,1920,4,3,30,2,1
929,1,V2,V1,V5,V0,V1,V3,V2,V2,C,C,C,A,,T,0,1,1,9,,13,892,146343,1,9,1127,2,4,49,1,1
930,1,V2,V3,V2,V4,V4,V3,V3,V2,A,A,A,C,,T,0,1,1,24,,8,1289,123247,1,24,3150,4,1,22,1,1
931,1,V2,V4,V5,V2,V3,V3,V2,V2,B,A,A,B,,T,1,1,1,24,,16,359,128258,1,24,3513,2,3,38,2,1
932,1,V2,V3,V1,V2,V3,V3,V2,V2,D,A,B,D,,T,1,1,1,24,,7,1475,22510,1,24,930,4,2,31,1,1
933,1,V2,V3,V2,V4,V3,V3,V2,V2,C,B,C,D,,T,0,1,1,24,,11,1566,126859,1,24,3750,2,4,26,1,1
934,0,V2,V4,V2,V2,V3,V3,V2,V2,A,A,C,B,,T,1,1,1,36,,2,1162,143645,1,36,9272,2,1,24,1,1
935,0,V1,V3,V3,V4,V4,V3,V3,V1,A,A,C,A,,T,1,1,1,24,,12,1165,114732,2,24,3350,4,4,30,1,1
936,1,V2,V4,V2,V1,V1,V2,V2,V2,D,C,C,B,,T,0,1,1,12,,16,945,21725,1,12,641,4,2,49,1,1
937,1,V1,V4,V1,V3,V4,V4,V3,V1,B,A,C,B,,T,1,1,1,48,,14,1515,71290,1,48,12170,4,4,36,1,2
938,1,V2,V1,V1,V0,V1,V2,V2,V2,D,B,C,C,,T,1,1,1,36,,15,471,108601,1,36,3836,2,4,45,1,1
939,1,V4,V1,V2,V0,V1,V2,V2,V4,D,A,C,C,X,T,1,1,1,12,,13,1115,132303,1,12,1656,2,4,63,2,1
940,0,V2,V1,V1,V3,V4,V4,V2,V2,B,A,C,B,,T,1,1,1,12,,11,1176,135704,1,12,6469,2,1,52,1,1
941,1,V2,V3,V2,V1,V3,V2,V2,V2,B,C,C,D,,T,0,1,1,10,,1,1039,163423,1,10,1522,4,2,31,1,1
942,1,V4,V5,V2,V0,V4,V4,V3,V4,A,B,C,B,,T,1,1,1,24,,6,710,113413,2,24,6420,2,4,44,2,1
943,0,V2,V5,V1,V0,V4,V3,V3,V2,A,A,C,B,,T,0,1,1,36,,16,-19,122201,1,36,8336,3,4,47,1,1
944,1,V4,V4,V2,V4,V1,V2,V1,V4,A,A,C,C,,T,0,2,1,10,,17,673,176400,2,10,2242,1,3,48,2,1
945,1,V2,V5,V4,V2,V2,V3,V2,V2,D,A,C,C,,T,0,2,1,12,,12,1354,68202,1,12,1414,3,2,55,1,1
946,1,V2,V4,V1,V2,V2,V3,V1,V2,D,B,C,C,,T,0,1,1,22,,16,1013,85321,1,22,1284,4,4,25,1,1
947,1,V4,V1,V5,V0,V1,V3,V2,V4,D,A,C,A,,T,1,1,1,24,,13,719,67733,2,24,2873,3,4,36,1,1
948,1,V4,V5,V1,V3,V4,V4,V2,V4,D,A,C,D,,T,1,1,1,18,,15,745,101144,1,18,3230,2,4,38,1,1
949,1,V2,V1,V3,V0,V1,V3,V2,V2,A,D,C,B,,T,0,1,1,12,,3,647,178984,1,12,1681,3,1,35,1,1
950,1,V2,V3,V2,V1,V1,V3,V1,V2,D,B,C,C,,T,0,1,1,9,87,17,1717,88400,1,9,1389,4,2,26,1,1
951,1,V2,V5,V2,V1,V4,V3,V2,V2,A,A,A,B,,T,1,1,1,24,,17,972,133327,2,24,2925,3,4,63,1,3
952,1,V4,V4,V5,V2,V3,V3,V2,V4,D,B,C,B,,T,1,1,1,12,12,6,301,93706,1,12,683,4,3,51,2,1
953,1,V2,V5,V1,V0,V1,V3,V1,V2,A,B,C,A,,T,0,1,1,24,,3,1078,118535,1,24,2813,2,4,26,1,1
954,1,V4,V1,V1,V0,V1,V3,V2,V4,D,A,C,D,,T,1,1,1,12,,9,708,65694,1,12,2332,1,4,49,1,2
955,1,V4,V5,V2,V0,V4,V4,V3,V4,A,A,C,C,,T,1,1,1,30,,11,616,99961,2,30,10624,3,4,38,3,1
956,1,V2,V1,V3,V1,V3,V3,V2,V2,B,C,C,D,,T,1,1,1,12,,5,1627,127656,1,12,1159,3,1,26,1,1
957,1,V2,V2,V2,V4,V4,V3,V2,V2,D,B,C,A,,T,0,1,1,6,43,6,184,75317,1,6,1539,1,2,56,1,1
958,1,V2,V4,V2,V0,V3,V4,V2,V2,C,B,C,C,,T,0,1,1,18,,9,755,124490,1,18,1962,3,2,23,1,1
959,1,V2,V1,V2,V1,V1,V2,V2,V2,A,D,C,A,,T,0,1,1,12,,14,1486,121136,1,12,702,4,2,40,1,1
960,1,V4,V3,V2,V2,V3,V3,V2,V4,D,B,A,B,,T,0,1,1,15,,12,825,139850,1,15,2789,2,3,24,2,2
961,1,V3,V6,V5,V2,V2,V2,V2,V3,B,A,C,C,,T,1,1,1,36,,11,1308,159581,2,36,9858,1,3,31,2,1
962,1,V4,V2,V3,V0,V3,V3,V2,V4,D,A,C,C,,T,1,1,1,9,,7,1308,131809,1,9,937,4,2,52,2,1
963,1,V4,V4,V2,V0,V1,V2,V2,V4,A,A,C,D,,T,0,1,1,8,,10,1182,54447,1,8,732,4,4,47,2,1
964,1,V2,V3,V4,V4,V1,V2,V1,V2,B,B,C,C,,T,0,1,1,12,,9,686,146989,1,12,984,1,4,19,1,1
965,0,V2,V3,V2,V2,V1,V3,V1,V2,A,B,C,A,,T,0,1,1,30,,16,1310,44364,1,30,2407,4,4,23,1,1
966,1,V2,V3,V2,V2,V2,V3,V3,V2,A,A,C,C,,T,0,1,1,42,,12,591,95518,2,42,7883,2,4,45,1,3
967,1,V3,V4,V5,V0,V4,V3,V3,V3,B,A,C,A,,T,0,1,1,36,,12,83,116080,1,36,2863,4,3,30,1,1
968,1,V2,V5,V2,V2,V3,V3,V2,V2,D,A,C,C,,T,0,1,1,15,,12,1201,101438,1,15,3030,2,2,33,1,1
969,0,V2,V4,V2,V1,V2,V2,V1,V2,B,B,C,D,,T,1,1,1,24,,10,996,92620,1,24,2719,3,4,20,1,1
970,1,V2,V4,V4,V0,V1,V3,V2,V2,B,A,C,B,,T,1,1,1,12,,13,1249,123253,1,12,1319,4,4,54,1,1
971,0,V2,V1,V4,V2,V4,V3,V2,V2,B,A,A,C,X,T,1,1,1,48,,8,1414,95331,1,48,10962,1,2,27,2,2
972,1,V4,V2,V2,V0,V4,V3,V3,V4,D,A,C,A,,T,0,1,1,24,,10,1329,126472,2,24,1598,4,4,54,2,1
973,1,V2,V3,V2,V4,V1,V2,V1,V2,D,B,C,D,,T,0,1,1,4,,10,1087,144342,2,4,602,1,3,23,1,1
974,1,V2,V4,V4,V2,V3,V3,V2,V2,D,B,C,D,,T,1,1,1,24,,16,1092,86613,2,24,1526,4,3,34,1,1
975,1,V2,V4,V4,V1,V2,V3,V2,V2,A,A,C,C,,T,0,1,1,12,,14,752,148674,2,12,3652,1,3,31,1,1
976,1,V2,V4,V2,V4,V2,V2,V2,V2,C,A,C,D,,T,0,1,1,10,,7,1554,148128,2,10,3950,1,1,37,1,3
977,1,V4,V5,V2,V2,V3,V3,V2,V4,D,A,C,A,,T,0,1,1,18,,18,885,126622,1,18,3851,3,1,27,2,1
978,1,V2,V1,V5,V0,V3,V3,V2,V2,D,A,C,D,,T,1,1,1,9,,7,1312,43228,1,9,2754,3,4,35,1,2
979,0,V0,V8,V2,V2,V1,V3,V2,V0,A,A,C,C,,T,0,1,1,12,,16,842,77126,1,12,1109,4,3,28,2,1
980,1,V4,V1,V1,V0,V2,V3,V2,V4,D,A,C,D,,T,0,1,1,24,,18,977,121858,1,24,2425,4,4,53,2,1
981,1,V2,V2,V1,V1,V4,V2,V3,V2,D,A,C,C,,T,1,1,1,36,,1,1616,85758,2,36,9056,2,4,35,1,1
982,0,V2,V1,V2,V2,V1,V3,V2,V2,A,D,C,D,,T,1,1,1,48,,9,1012,131185,1,48,7000,1,1,34,2,3
983,1,V4,V4,V2,V1,V1,V3,V1,V4,A,A,C,C,,T,0,1,1,6,,8,440,116022,2,6,3677,1,3,37,3,1
984,1,V2,V4,V2,V1,V2,V3,V1,V2,D,A,C,B,,T,0,1,1,6,,7,1503,134322,1,6,3519,2,3,26,1,3
985,1,V4,V5,V1,V2,V4,V3,V3,V4,D,A,C,A,,T,1,1,1,48,,11,1316,116154,1,48,8859,2,1,35,2,1
986,1,V2,V6,V4,V1,V2,V2,V2,V2,B,A,C,C,,T,1,1,1,18,,14,1893,112279,1,18,1942,4,2,35,1,1
987,1,V2,V4,V5,V1,V1,V3,V1,V2,D,A,C,C,,T,0,2,1,9,,10,791,11402,2,9,3578,1,2,26,1,3
988,0,V3,V6,V2,V0,V1,V4,V2,V3,C,A,C,C,,T,1,1,1,30,,5,870,77117,1,30,1909,4,4,66,1,1
989,0,V2,V2,V2,V1,V4,V3,V3,V2,B,A,C,A,,T,0,1,1,60,,2,755,32359,1,60,6289,4,4,42,1,1
990,0,V2,V2,V2,V4,V2,V3,V2,V2,A,B,C,D,,T,0,1,1,12,,8,1170,72939,1,12,796,4,4,53,1,1
991,1,V1,V4,V1,V1,V1,V2,V2,V1,D,A,B,A,,T,0,1,1,6,,6,1166,56978,2,6,784,1,2,26,1,3
992,1,V4,V4,V2,V1,V1,V3,V1,V4,A,A,C,B,,T,0,1,1,11,,7,1221,128488,2,11,3906,2,2,36,2,1
993,1,V3,V3,V1,V4,V2,V2,V2,V3,B,A,A,C,,T,0,1,1,24,,15,364,82648,1,24,2334,4,2,29,1,1
994,0,V2,V3,V2,V1,V3,V4,V2,V2,D,B,C,C,,T,1,1,1,36,,13,636,115869,1,36,3350,4,2,28,1,1
995,1,V2,V1,V2,V4,V3,V3,V2,V2,D,A,C,B,X,T,1,1,1,18,,3,1264,113281,1,18,4595,3,2,32,1,1
996,1,V4,V5,V2,V0,V4,V3,V3,V4,C,A,C,B,,T,0,1,1,42,,10,548,79535,1,42,4797,4,4,56,1,1
997,0,V2,V1,V1,V1,V1,V3,V2,V2,B,D,C,B,,T,1,1,1,12,10,3,494,55280,1,12,1485,2,1,25,1,1
998,1,V2,V1,V1,V0,V3,V3,V2,V2,D,A,C,D,,T,1,1,1,30,,13,610,48698,1,30,1868,4,4,58,1,1
999,1,V2,V3,V4,V4,V1,V3,V2,V2,B,B,C,C,,T,0,1,1,11,,5,1516,161662,1,11,1578,4,1,20,1,1
1000,1,V2,V3,V2,V0,V4,V3,V3,V2,C,C,C,B,,T,0,1,1,24,,12,1300,72657,1,24,2893,3,4,51,1,1
1001,,V4,V4,V2,V0,V3,V2,V2,V4,A,A,C,B,,T,0,1,1,24,,5,503,119067,1,24,1200,4,4,60,2,1
1002,,V2,V4,V2,V4,V3,V3,V1,V2,B,B,C,C,,T,0,1,1,12,,10,1398,94305,1,12,1296,3,1,25,1,1
1003,,V1,V2,V2,V0,V4,V3,V3,V1,A,B,C,C,,T,0,1,1,6,,11,700,10365,1,6,1199,4,4,35,1,1
1004,,V2,V3,V1,V0,V2,V3,V2,V2,A,A,C,C,,T,0,1,1,30,,5,1339,133263,1,30,6351,4,4,31,1,1
1005,,V2,V7,V5,V3,V2,V3,V2,V2,A,B,C,D,,T,0,1,1,12,,13,584,72598,1,12,742,4,3,22,1,1
1006,,V2,V1,V2,V1,V3,V3,V2,V2,C,A,C,C,,T,0,1,1,36,,12,207,120293,1,36,4211,4,2,26,1,1
1007,,V4,V4,V2,V1,V2,V3,V2,V4,D,A,A,C,,T,0,1,1,18,,-1,1274,117926,1,18,1531,3,2,32,2,1
1008,,V2,V4,V2,V2,V2,V3,V2,V2,A,A,C,C,,T,1,1,1,24,,23,689,131145,1,24,4818,2,3,31,1,2
1009,,V2,V1,V5,V2,V1,V3,V2,V2,D,B,C,B,,T,1,1,1,60,51,1,1016,130776,1,60,10145,2,4,21,1,1
1010,,V0,V4,V2,V4,V1,V1,V1,V0,B,B,C,D,X,T,0,1,1,15,,11,1556,94124,1,15,1779,2,1,26,2,1
1011,,V2,V1,V2,V1,V3,V4,V2,V2,A,A,C,C,,T,0,1,1,27,,16,353,191450,1,27,3417,3,2,27,1,1
1012,,V4,V3,V2,V0,V3,V3,V1,V4,B,A,C,A,,T,1,1,1,12,,13,884,106076,1,12,3618,1,4,28,3,1
1013,,V3,V6,V2,V1,V3,V3,V2,V3,,D,C,D,,T,1,1,1,18,,17,835,71403,1,18,2170,4,2,28,1,1
1014,,V4,V4,V2,V0,V3,V3,V2,V4,B,A,A,D,,T,1,1,1,18,,-1,1036,96315,2,18,885,4,4,36,1,1
1015,,V2,V4,V1,V1,V1,V2,V2,V2,B,B,C,D,,T,0,1,1,9,,8,856,80505,1,9,3196,1,2,33,1,1
1016,,V2,V6,V2,V0,V2,V3,V2,V2,B,B,C,D,X,T,0,1,1,21,,15,1046,102030,2,21,1189,2,4,39,1,1
1017,,V2,V2,V2,V4,V2,V3,V1,V2,C,B,C,C,,T,1,1,1,15,,16,502,88162,1,15,393,4,4,23,1,1
1018,,V0,V6,V2,V1,V3,V3,V2,V0,B,B,C,A,,T,0,1,1,30,,13,793,135868,1,30,4222,2,1,28,2,1
1019,,V2,V1,V5,V1,V3,V4,V1,V2,D,A,C,A,Y,T,1,1,1,24,,9,1399,69800,1,24,1902,4,4,29,1,1
1020,,V2,V4,V2,V0,V3,V2,V2,V2,B,A,A,B,,T,0,1,1,12,,14,791,100073,2,12,889,4,4,41,1,1
1021,,V4,V1,V1,V1,V3,V3,V2,V4,C,A,C,D,,T,1,1,1,24,,16,778,138254,1,24,3149,3,2,31,2,1
1022,,V2,V1,V1,V1,V1,V3,V1,V2,D,D,C,D,,T,1,1,1,15,,13,667,151541,1,15,1387,4,2,40,1,1
1023,,V4,V4,V3,V2,V1,V3,V2,V4,C,D,C,A,Y,T,1,1,1,12,,10,1386,97866,1,12,940,4,2,28,3,1
1024,,V2,V3,V2,V1,V1,V2,V1,V2,D,A,A,A,,T,0,1,1,10,,5,1423,161636,1,10,2211,2,2,25,1,1
1025,,V2,V3,V2,V1,V1,V3,V2,V2,A,A,C,D,,T,0,1,1,12,,9,1009,78863,1,12,1658,2,2,27,1,1
1026,,V2,V5,V3,V1,V2,V3,V1,V2,D,A,C,A,,T,0,1,1,6,,10,1877,94596,1,6,1237,2,4,50,1,1
1027,,V2,V1,V5,V4,V4,V2,V2,V2,A,D,C,A,,T,1,1,1,12,,11,883,98333,1,12,728,4,3,33,1,1
1028,,V1,V4,V5,V3,V2,V4,V2,V1,B,A,C,A,,T,1,1,1,15,,11,574,88627,2,15,6851,1,2,34,1,1
1029,,V2,V1,V2,V2,V1,V3,V2,V2,B,A,C,C,,T,0,2,1,12,,8,972,81696,1,12,1104,4,3,29,2,3
1030,,V4,V1,V2,V0,V2,V2,V2,V4,B,A,C,A,,T,0,1,1,24,,9,1250,98069,1,24,1744,4,2,48,2,1
1031,,V2,V1,V5,V2,V4,V3,V2,V2,D,A,C,B,,T,0,1,1,12,,8,771,107156,1,12,2142,3,1,35,1,1
1032,,V4,V1,V1,V1,V4,V3,V3,V4,C,A,C,A,,T,1,1,1,15,,8,537,178010,1,15,1272,3,4,39,2,1
1033,,V3,V6,V1,V4,V3,V3,V1,V3,D,A,C,B,,T,1,1,1,36,,6,385,145209,1,36,7981,4,4,27,2,1
1034,,V2,V3,V2,V4,V1,V2,V1,V2,A,B,C,D,,T,1,1,1,24,,9,755,76849,1,24,,4,4,23,1,1
1035,,V0,V6,V5,V1,V3,V2,V1,V0,B,B,C,D,,T,0,1,1,30,,11,1301,35909,1,30,4281,4,4,26,2,1
1036,,V4,V1,V3,V1,V2,V2,V2,V4,B,A,C,A,,T,0,1,1,27,,4,1390,49781,1,27,2521,4,2,23,2,1
1037,,V2,V4,V2,V4,V2,V3,V1,V2,A,B,C,C,,T,0,1,1,24,,9,1035,97771,1,24,1208,4,4,24,1,1
1038,,V2,V1,V2,V4,V3,V3,V2,V2,B,B,C,D,,T,1,1,1,9,,8,1921,121168,1,9,1671,4,2,22,1,1
1039,,V2,V1,V5,V1,V2,V3,V1,V2,B,A,C,A,,T,0,1,1,45,,8,934,126354,1,45,3032,4,4,21,1,3
1040,,V2,V1,V2,V0,V3,V3,V2,V2,B,A,C,A,,T,0,1,1,6,,10,690,130414,2,6,1069,4,4,28,1,1
1041,,V3,V6,V5,V0,V3,V3,V2,V3,B,C,A,D,,T,0,1,1,6,,8,1057,53795,2,6,1450,1,2,31,2,1
1042,,V4,V3,V2,V1,V3,V4,V2,V4,B,B,C,B,,T,1,1,1,48,,6,1754,158391,1,48,5097,2,3,30,1,1
1043,,V2,V3,V2,V1,V2,V3,V1,V2,D,D,C,C,,T,0,1,1,6,,15,1190,84627,1,6,1767,1,2,21,1,1
1044,,V4,V4,V5,V2,V2,V3,V2,V4,D,D,C,D,,T,1,1,1,24,,3,432,103638,1,24,2464,4,3,27,2,1
1045,,V4,V3,V3,V1,V3,V3,V2,V4,A,B,C,D,,T,0,1,1,33,,14,984,101901,1,33,4282,1,4,23,2,1
1046,,V1,V1,V2,V2,V3,V2,V1,V1,A,A,A,C,,T,0,1,1,24,,11,861,65647,1,24,1547,4,4,24,1,3
1047,,V1,V1,V2,V1,V1,V2,V2,V1,A,B,A,A,,T,0,1,1,12,,6,767,105501,1,12,627,4,4,24,1,1
1048,,V2,V4,V2,V2,V3,V3,V2,V2,A,C,C,B,,T,0,1,1,12,,16,643,139777,1,12,1373,2,3,36,1,1
1049,,V4,V1,V2,V1,V1,V2,V2,V4,A,A,C,C,,T,0,1,1,9,,2,998,119748,1,9,1139,4,4,25,2,1
1050,,V2,V3,V2,V4,V2,V2,V2,V2,A,C,C,C,,T,0,1,1,30,,8,929,78397,1,30,3109,2,4,31,1,1
1051,,V4,V4,V4,V1,V3,V3,V2,V4,B,B,C,A,,T,0,1,1,11,,8,1132,82163,1,11,1323,4,4,40,2,1
1052,,V2,V5,V2,V4,V3,V4,V1,V2,B,D,C,B,,T,1,1,1,36,,11,1090,174060,1,36,9399,1,4,28,1,1
1053,,V2,V3,V1,V2,V3,V3,V2,V2,B,A,C,B,,T,1,1,1,9,,8,1268,107461,1,9,2031,2,1,24,1,1
1054,,V2,V1,V2,V1,V1,V2,V2,V2,C,B,C,D,,T,0,1,1,9,,5,1010,97544,1,9,746,3,2,28,1,1
1055,,V4,V3,V1,V1,V2,V3,V2,V4,D,D,C,D,,T,0,1,1,6,,0,433,92387,1,6,1222,1,2,27,2,1
1056,,V4,V4,V2,V2,V3,V3,V2,V4,D,A,C,B,,T,1,1,1,36,,7,417,185821,1,36,3536,4,4,,2,1
1057,,V2,V1,V2,V1,V1,V2,V2,V2,B,B,C,C,,T,0,1,1,18,,12,333,104591,2,18,1114,4,4,26,1,3
1058,,V2,V6,V5,V1,V2,V2,V1,V2,D,B,C,C,,T,0,1,1,18,,7,613,85309,1,18,1569,3,4,24,1,1
1059,,V2,V1,V2,V0,V3,V3,V2,V2,C,A,C,A,,T,0,1,1,36,,12,1177,127901,1,36,4474,4,2,31,1,1
1060,,V2,V3,V1,V4,V1,V3,V1,V2,B,B,C,B,,T,0,1,1,18,,20,1466,117626,1,18,1925,4,3,27,1,1
1061,,V2,V6,V5,V2,V1,V2,V1,V2,B,B,C,D,,T,0,1,1,12,,4,869,128924,1,12,842,2,4,23,1,1
1062,,V4,V3,V2,V4,V2,V2,V1,V4,D,B,C,B,,T,0,1,1,12,,13,1379,51369,1,12,1259,2,4,22,2,1
1063,,V2,V3,V2,V2,V2,V3,V2,V2,A,A,C,D,,T,0,1,1,36,,7,354,48067,1,36,5180,4,2,29,1,1
1064,,V4,V2,V2,V4,V4,V3,V3,V4,B,B,C,C,,T,1,1,1,24,,13,1373,174740,1,24,5744,2,4,24,2,1
1065,,V3,V1,V2,V4,V3,V2,V1,V3,A,B,C,D,,T,1,1,1,24,,10,724,-2061,1,24,1660,4,2,29,1,1
1066,,V3,V6,V2,V4,V3,V3,V2,V3,D,A,A,B,,T,1,1,1,24,,5,1043,115918,1,24,8649,2,2,27,2,1
1067,,V4,V1,V2,V1,V3,V3,V2,V4,D,B,B,C,,T,0,1,1,36,,7,431,107749,1,36,9567,2,2,31,2,1
1068,,V2,V6,V4,V1,V2,V4,V2,V2,D,A,C,C,,T,1,1,1,24,,1,1301,110976,1,24,4592,2,3,54,3,1
1069,,V3,V3,V4,V2,V2,V3,V2,V3,D,B,C,B,,T,0,1,1,15,,10,588,33874,1,15,961,3,2,30,2,1
1070,,V2,V8,V2,V1,V3,V3,V2,V2,B,A,C,D,,T,0,1,1,12,,12,564,52216,1,12,640,4,2,30,1,1
1071,,V2,V1,V2,V2,V1,V3,V2,V2,B,A,C,A,X,T,0,1,1,48,,14,899,59034,1,48,3061,4,4,28,2,1
1072,,V2,V3,V2,V0,V2,V3,V2,V2,A,B,A,D,,T,1,1,1,6,,11,375,121456,1,6,429,2,1,49,1,1
1073,,V2,V7,V2,V1,V3,V3,V2,V2,A,A,C,C,,T,0,1,1,48,,14,1140,89510,1,48,3052,3,4,54,1,1
1074,,V2,V1,V5,V1,V1,V3,V2,V2,D,B,C,B,,T,0,1,1,12,,6,1110,153922,1,12,2074,4,2,28,1,2
1075,,V0,V6,V2,V0,V3,V3,V1,V0,A,A,C,B,,T,0,1,1,45,,0,1049,110752,1,45,11817,2,4,29,2,1
1076,,V4,V5,V4,V0,V4,V3,V1,V4,D,A,C,A,X,T,1,1,1,15,,4,873,120072,1,15,3369,3,4,23,2,1
1077,,V4,V5,V1,V0,V3,V3,V2,V4,D,A,C,D,,T,0,1,1,30,,11,1333,184782,1,30,7597,1,4,63,2,1
1078,,V4,V2,V2,V2,V1,V2,V2,V4,D,A,C,C,,T,0,1,1,12,,11,1491,174305,2,12,2097,2,3,49,1,1
1079,,V2,V1,,V0,V3,V3,V2,V2,B,A,C,C,,T,0,1,1,15,,11,1907,36715,2,15,803,4,3,37,1,1
1080,,V4,V4,,V2,V2,V3,V2,V4,A,B,C,C,,T,0,2,1,6,,7,836,101786,1,6,610,4,3,37,2,1
1081,,V2,V3,V2,V1,V1,V2,V1,V2,D,A,C,B,,T,0,1,1,12,,12,1023,113127,1,12,1769,3,2,24,1,1
1082,,V2,V1,V2,V1,V1,V3,V2,V2,B,A,C,A,,T,0,1,1,7,,8,387,137314,1,7,2577,2,2,35,1,3
1083,,V4,V4,V2,V1,V1,V3,V2,V4,A,B,C,B,,T,0,1,1,12,,14,586,70885,1,12,3500,3,2,29,2,2
1084,,V4,V4,V2,V4,V1,V2,V2,V4,A,A,C,A,,T,0,2,1,6,,19,877,40610,2,6,1362,2,4,40,1,1
1085,,V2,V4,V2,V4,V1,V2,V2,V2,B,A,B,C,,T,0,1,1,24,,6,1196,118196,1,24,1247,4,2,23,1,1
1086,,V2,V10,V1,V2,V2,V3,V2,V2,D,B,C,C,,T,1,1,1,10,,3,981,92818,1,10,895,4,3,40,1,1
1087,,V4,V4,V2,V1,V1,V3,V2,V4,D,B,B,D,,T,1,1,1,36,,9,865,64172,1,36,7856,4,2,25,2,1
1088,,V0,V6,V2,V1,V3,V3,V2,V0,B,A,C,A,,T,1,1,1,48,54,10,1284,83777,1,48,14422,2,2,25,1,1
1089,,V2,V3,V2,V1,V1,V2,V2,V2,C,A,C,D,Y,T,0,1,1,18,78,9,1278,73446,2,18,2865,2,1,34,1,1
1090,,V2,V1,V2,V0,V1,V2,V2,V2,B,D,C,D,,T,0,1,1,18,,10,94,148934,1,18,1302,4,2,32,1,3
1091,,V4,V5,V5,V1,V3,V2,V1,V4,D,B,A,A,,T,0,1,1,48,,13,1022,80699,1,48,11591,2,4,24,2,1
1092,,V2,V3,V2,V4,V2,V2,V2,V2,A,A,C,D,,T,0,2,1,24,,8,383,130220,1,24,1748,4,1,24,1,2
1093,,V4,V1,V1,V1,V2,V3,V2,V4,D,A,C,C,,T,1,1,1,18,,10,1192,178680,1,18,1170,4,3,29,2,1
1094,,V2,V5,V2,V1,V3,V3,V1,V2,B,D,C,B,,T,1,1,1,18,,9,466,109029,1,18,2780,1,3,21,1,1
1095,,V2,V3,V2,V1,V2,V3,V2,V2,A,A,C,A,,T,0,1,1,36,,13,1183,54571,2,36,3621,1,2,,1,3
1096,,V2,V4,V2,V3,V4,V4,V3,V2,B,A,A,B,,T,1,1,1,10,,14,1006,31365,1,10,7309,2,4,70,1,1
1097,,V4,V2,V2,V1,V4,V3,V2,V4,A,A,A,A,,T,1,1,1,40,,8,383,116622,1,40,5999,4,3,27,1,1
1098,,V2,V5,V2,V1,V2,V4,V2,V2,A,C,C,A,,T,1,1,1,30,,12,792,116072,1,30,3858,4,4,40,1,1
1099,,V2,V3,V2,V4,V3,V3,V1,V2,A,B,C,A,,T,0,1,1,18,,6,1463,34370,1,18,3651,1,4,22,1,1
1100,,V2,V1,V2,V0,V3,V4,V1,V2,D,B,A,A,,T,1,1,1,15,,10,1114,112418,1,15,3569,4,2,54,1,1
